Created by PLY version 3.11 (http://www.dabeaz.com/ply)

Grammar

Rule 0     S' -> start
Rule 1     start -> bloc
Rule 2     empty -> <empty>
Rule 3     bloc -> bloc statement SEMI
Rule 4     bloc -> statement SEMI
Rule 5     param -> NAME
Rule 6     param -> TIMES NAME
Rule 7     params -> <empty>
Rule 8     params -> param
Rule 9     params -> param COMMA params
Rule 10    elif_list -> empty
Rule 11    elif_list -> elif_list ELIF LPAREN expression RPAREN LACC bloc RACC
Rule 12    else_opt -> empty
Rule 13    else_opt -> ELSE LACC bloc RACC
Rule 14    statement -> IF LPAREN expression RPAREN LACC bloc RACC elif_list else_opt
Rule 15    statement -> WHILE LPAREN expression RPAREN LACC bloc RACC
Rule 16    statement -> FOR LPAREN statement SEMI expression SEMI statement RPAREN LACC bloc RACC
Rule 17    statement -> PRINT LPAREN expression RPAREN
Rule 18    statement -> NAME EGAL expression
Rule 19    statement -> TIMES NAME EGAL expression
Rule 20    statement -> DEF NAME LPAREN params RPAREN LACC bloc RACC
Rule 21    statement -> RETURN expression
Rule 22    statement -> expression
Rule 23    expression -> REF NAME
Rule 24    expression -> expression INF expression
Rule 25    expression -> expression INFEG expression
Rule 26    expression -> expression SUPEG expression
Rule 27    expression -> expression SUP expression
Rule 28    expression -> expression EGALEGAL expression
Rule 29    expression -> expression AND expression
Rule 30    expression -> expression OR expression
Rule 31    expression -> expression PLUS expression
Rule 32    expression -> expression TIMES expression
Rule 33    expression -> expression MINUS expression
Rule 34    expression -> expression DIVIDE expression
Rule 35    expression -> expression NOTEG expression
Rule 36    expression -> expression MODULO expression
Rule 37    expression -> NAME LPAREN args RPAREN
Rule 38    args -> <empty>
Rule 39    args -> expression
Rule 40    args -> expression COMMA args
Rule 41    expression -> LPAREN expression RPAREN
Rule 42    expression -> NUMBER
Rule 43    expression -> FLOAT
Rule 44    expression -> STRING
Rule 45    expression -> TRUE
Rule 46    expression -> FALSE
Rule 47    expression -> NAME
Rule 48    expression -> TIMES NAME
Rule 49    statement -> ELSE

Terminals, with rules where they appear

AND                  : 29
COMMA                : 9 40
DEF                  : 20
DIVIDE               : 34
EGAL                 : 18 19
EGALEGAL             : 28
ELIF                 : 11
ELSE                 : 13 49
FALSE                : 46
FLOAT                : 43
FOR                  : 16
IF                   : 14
INF                  : 24
INFEG                : 25
LACC                 : 11 13 14 15 16 20
LPAREN               : 11 14 15 16 17 20 37 41
MINUS                : 33
MODULO               : 36
NAME                 : 5 6 18 19 20 23 37 47 48
NOTEG                : 35
NUMBER               : 42
OR                   : 30
PLUS                 : 31
PRINT                : 17
RACC                 : 11 13 14 15 16 20
REF                  : 23
RETURN               : 21
RPAREN               : 11 14 15 16 17 20 37 41
SEMI                 : 3 4 16 16
STRING               : 44
SUP                  : 27
SUPEG                : 26
TIMES                : 6 19 32 48
TRUE                 : 45
WHILE                : 15
error                : 

Nonterminals, with rules where they appear

args                 : 37 40
bloc                 : 1 3 11 13 14 15 16 20
elif_list            : 11 14
else_opt             : 14
empty                : 10 12
expression           : 11 14 15 16 17 18 19 21 22 24 24 25 25 26 26 27 27 28 28 29 29 30 30 31 31 32 32 33 33 34 34 35 35 36 36 39 40 41
param                : 8 9
params               : 9 20
start                : 0
statement            : 3 4 16 16

Parsing method: LALR

state 0

    (0) S' -> . start
    (1) start -> . bloc
    (3) bloc -> . bloc statement SEMI
    (4) bloc -> . statement SEMI
    (14) statement -> . IF LPAREN expression RPAREN LACC bloc RACC elif_list else_opt
    (15) statement -> . WHILE LPAREN expression RPAREN LACC bloc RACC
    (16) statement -> . FOR LPAREN statement SEMI expression SEMI statement RPAREN LACC bloc RACC
    (17) statement -> . PRINT LPAREN expression RPAREN
    (18) statement -> . NAME EGAL expression
    (19) statement -> . TIMES NAME EGAL expression
    (20) statement -> . DEF NAME LPAREN params RPAREN LACC bloc RACC
    (21) statement -> . RETURN expression
    (22) statement -> . expression
    (49) statement -> . ELSE
    (23) expression -> . REF NAME
    (24) expression -> . expression INF expression
    (25) expression -> . expression INFEG expression
    (26) expression -> . expression SUPEG expression
    (27) expression -> . expression SUP expression
    (28) expression -> . expression EGALEGAL expression
    (29) expression -> . expression AND expression
    (30) expression -> . expression OR expression
    (31) expression -> . expression PLUS expression
    (32) expression -> . expression TIMES expression
    (33) expression -> . expression MINUS expression
    (34) expression -> . expression DIVIDE expression
    (35) expression -> . expression NOTEG expression
    (36) expression -> . expression MODULO expression
    (37) expression -> . NAME LPAREN args RPAREN
    (41) expression -> . LPAREN expression RPAREN
    (42) expression -> . NUMBER
    (43) expression -> . FLOAT
    (44) expression -> . STRING
    (45) expression -> . TRUE
    (46) expression -> . FALSE
    (47) expression -> . NAME
    (48) expression -> . TIMES NAME

    IF              shift and go to state 4
    WHILE           shift and go to state 7
    FOR             shift and go to state 8
    PRINT           shift and go to state 9
    NAME            shift and go to state 10
    TIMES           shift and go to state 11
    DEF             shift and go to state 12
    RETURN          shift and go to state 13
    ELSE            shift and go to state 14
    REF             shift and go to state 15
    LPAREN          shift and go to state 5
    NUMBER          shift and go to state 16
    FLOAT           shift and go to state 17
    STRING          shift and go to state 18
    TRUE            shift and go to state 19
    FALSE           shift and go to state 20

    start                          shift and go to state 1
    bloc                           shift and go to state 2
    statement                      shift and go to state 3
    expression                     shift and go to state 6

state 1

    (0) S' -> start .



state 2

    (1) start -> bloc .
    (3) bloc -> bloc . statement SEMI
    (14) statement -> . IF LPAREN expression RPAREN LACC bloc RACC elif_list else_opt
    (15) statement -> . WHILE LPAREN expression RPAREN LACC bloc RACC
    (16) statement -> . FOR LPAREN statement SEMI expression SEMI statement RPAREN LACC bloc RACC
    (17) statement -> . PRINT LPAREN expression RPAREN
    (18) statement -> . NAME EGAL expression
    (19) statement -> . TIMES NAME EGAL expression
    (20) statement -> . DEF NAME LPAREN params RPAREN LACC bloc RACC
    (21) statement -> . RETURN expression
    (22) statement -> . expression
    (49) statement -> . ELSE
    (23) expression -> . REF NAME
    (24) expression -> . expression INF expression
    (25) expression -> . expression INFEG expression
    (26) expression -> . expression SUPEG expression
    (27) expression -> . expression SUP expression
    (28) expression -> . expression EGALEGAL expression
    (29) expression -> . expression AND expression
    (30) expression -> . expression OR expression
    (31) expression -> . expression PLUS expression
    (32) expression -> . expression TIMES expression
    (33) expression -> . expression MINUS expression
    (34) expression -> . expression DIVIDE expression
    (35) expression -> . expression NOTEG expression
    (36) expression -> . expression MODULO expression
    (37) expression -> . NAME LPAREN args RPAREN
    (41) expression -> . LPAREN expression RPAREN
    (42) expression -> . NUMBER
    (43) expression -> . FLOAT
    (44) expression -> . STRING
    (45) expression -> . TRUE
    (46) expression -> . FALSE
    (47) expression -> . NAME
    (48) expression -> . TIMES NAME

    $end            reduce using rule 1 (start -> bloc .)
    IF              shift and go to state 4
    WHILE           shift and go to state 7
    FOR             shift and go to state 8
    PRINT           shift and go to state 9
    NAME            shift and go to state 10
    TIMES           shift and go to state 11
    DEF             shift and go to state 12
    RETURN          shift and go to state 13
    ELSE            shift and go to state 14
    REF             shift and go to state 15
    LPAREN          shift and go to state 5
    NUMBER          shift and go to state 16
    FLOAT           shift and go to state 17
    STRING          shift and go to state 18
    TRUE            shift and go to state 19
    FALSE           shift and go to state 20

    statement                      shift and go to state 21
    expression                     shift and go to state 6

state 3

    (4) bloc -> statement . SEMI

    SEMI            shift and go to state 22


state 4

    (14) statement -> IF . LPAREN expression RPAREN LACC bloc RACC elif_list else_opt

    LPAREN          shift and go to state 23


state 5

    (41) expression -> LPAREN . expression RPAREN
    (23) expression -> . REF NAME
    (24) expression -> . expression INF expression
    (25) expression -> . expression INFEG expression
    (26) expression -> . expression SUPEG expression
    (27) expression -> . expression SUP expression
    (28) expression -> . expression EGALEGAL expression
    (29) expression -> . expression AND expression
    (30) expression -> . expression OR expression
    (31) expression -> . expression PLUS expression
    (32) expression -> . expression TIMES expression
    (33) expression -> . expression MINUS expression
    (34) expression -> . expression DIVIDE expression
    (35) expression -> . expression NOTEG expression
    (36) expression -> . expression MODULO expression
    (37) expression -> . NAME LPAREN args RPAREN
    (41) expression -> . LPAREN expression RPAREN
    (42) expression -> . NUMBER
    (43) expression -> . FLOAT
    (44) expression -> . STRING
    (45) expression -> . TRUE
    (46) expression -> . FALSE
    (47) expression -> . NAME
    (48) expression -> . TIMES NAME

    REF             shift and go to state 15
    NAME            shift and go to state 25
    LPAREN          shift and go to state 5
    NUMBER          shift and go to state 16
    FLOAT           shift and go to state 17
    STRING          shift and go to state 18
    TRUE            shift and go to state 19
    FALSE           shift and go to state 20
    TIMES           shift and go to state 26

    expression                     shift and go to state 24

state 6

    (22) statement -> expression .
    (24) expression -> expression . INF expression
    (25) expression -> expression . INFEG expression
    (26) expression -> expression . SUPEG expression
    (27) expression -> expression . SUP expression
    (28) expression -> expression . EGALEGAL expression
    (29) expression -> expression . AND expression
    (30) expression -> expression . OR expression
    (31) expression -> expression . PLUS expression
    (32) expression -> expression . TIMES expression
    (33) expression -> expression . MINUS expression
    (34) expression -> expression . DIVIDE expression
    (35) expression -> expression . NOTEG expression
    (36) expression -> expression . MODULO expression

    SEMI            reduce using rule 22 (statement -> expression .)
    RPAREN          reduce using rule 22 (statement -> expression .)
    INF             shift and go to state 27
    INFEG           shift and go to state 28
    SUPEG           shift and go to state 29
    SUP             shift and go to state 30
    EGALEGAL        shift and go to state 31
    AND             shift and go to state 32
    OR              shift and go to state 33
    PLUS            shift and go to state 34
    TIMES           shift and go to state 35
    MINUS           shift and go to state 36
    DIVIDE          shift and go to state 37
    NOTEG           shift and go to state 38
    MODULO          shift and go to state 39


state 7

    (15) statement -> WHILE . LPAREN expression RPAREN LACC bloc RACC

    LPAREN          shift and go to state 40


state 8

    (16) statement -> FOR . LPAREN statement SEMI expression SEMI statement RPAREN LACC bloc RACC

    LPAREN          shift and go to state 41


state 9

    (17) statement -> PRINT . LPAREN expression RPAREN

    LPAREN          shift and go to state 42


state 10

    (18) statement -> NAME . EGAL expression
    (37) expression -> NAME . LPAREN args RPAREN
    (47) expression -> NAME .

    EGAL            shift and go to state 43
    LPAREN          shift and go to state 44
    INF             reduce using rule 47 (expression -> NAME .)
    INFEG           reduce using rule 47 (expression -> NAME .)
    SUPEG           reduce using rule 47 (expression -> NAME .)
    SUP             reduce using rule 47 (expression -> NAME .)
    EGALEGAL        reduce using rule 47 (expression -> NAME .)
    AND             reduce using rule 47 (expression -> NAME .)
    OR              reduce using rule 47 (expression -> NAME .)
    PLUS            reduce using rule 47 (expression -> NAME .)
    TIMES           reduce using rule 47 (expression -> NAME .)
    MINUS           reduce using rule 47 (expression -> NAME .)
    DIVIDE          reduce using rule 47 (expression -> NAME .)
    NOTEG           reduce using rule 47 (expression -> NAME .)
    MODULO          reduce using rule 47 (expression -> NAME .)
    SEMI            reduce using rule 47 (expression -> NAME .)
    RPAREN          reduce using rule 47 (expression -> NAME .)


state 11

    (19) statement -> TIMES . NAME EGAL expression
    (48) expression -> TIMES . NAME

    NAME            shift and go to state 45


state 12

    (20) statement -> DEF . NAME LPAREN params RPAREN LACC bloc RACC

    NAME            shift and go to state 46


state 13

    (21) statement -> RETURN . expression
    (23) expression -> . REF NAME
    (24) expression -> . expression INF expression
    (25) expression -> . expression INFEG expression
    (26) expression -> . expression SUPEG expression
    (27) expression -> . expression SUP expression
    (28) expression -> . expression EGALEGAL expression
    (29) expression -> . expression AND expression
    (30) expression -> . expression OR expression
    (31) expression -> . expression PLUS expression
    (32) expression -> . expression TIMES expression
    (33) expression -> . expression MINUS expression
    (34) expression -> . expression DIVIDE expression
    (35) expression -> . expression NOTEG expression
    (36) expression -> . expression MODULO expression
    (37) expression -> . NAME LPAREN args RPAREN
    (41) expression -> . LPAREN expression RPAREN
    (42) expression -> . NUMBER
    (43) expression -> . FLOAT
    (44) expression -> . STRING
    (45) expression -> . TRUE
    (46) expression -> . FALSE
    (47) expression -> . NAME
    (48) expression -> . TIMES NAME

    REF             shift and go to state 15
    NAME            shift and go to state 25
    LPAREN          shift and go to state 5
    NUMBER          shift and go to state 16
    FLOAT           shift and go to state 17
    STRING          shift and go to state 18
    TRUE            shift and go to state 19
    FALSE           shift and go to state 20
    TIMES           shift and go to state 26

    expression                     shift and go to state 47

state 14

    (49) statement -> ELSE .

    SEMI            reduce using rule 49 (statement -> ELSE .)
    RPAREN          reduce using rule 49 (statement -> ELSE .)


state 15

    (23) expression -> REF . NAME

    NAME            shift and go to state 48


state 16

    (42) expression -> NUMBER .

    INF             reduce using rule 42 (expression -> NUMBER .)
    INFEG           reduce using rule 42 (expression -> NUMBER .)
    SUPEG           reduce using rule 42 (expression -> NUMBER .)
    SUP             reduce using rule 42 (expression -> NUMBER .)
    EGALEGAL        reduce using rule 42 (expression -> NUMBER .)
    AND             reduce using rule 42 (expression -> NUMBER .)
    OR              reduce using rule 42 (expression -> NUMBER .)
    PLUS            reduce using rule 42 (expression -> NUMBER .)
    TIMES           reduce using rule 42 (expression -> NUMBER .)
    MINUS           reduce using rule 42 (expression -> NUMBER .)
    DIVIDE          reduce using rule 42 (expression -> NUMBER .)
    NOTEG           reduce using rule 42 (expression -> NUMBER .)
    MODULO          reduce using rule 42 (expression -> NUMBER .)
    SEMI            reduce using rule 42 (expression -> NUMBER .)
    RPAREN          reduce using rule 42 (expression -> NUMBER .)
    COMMA           reduce using rule 42 (expression -> NUMBER .)


state 17

    (43) expression -> FLOAT .

    INF             reduce using rule 43 (expression -> FLOAT .)
    INFEG           reduce using rule 43 (expression -> FLOAT .)
    SUPEG           reduce using rule 43 (expression -> FLOAT .)
    SUP             reduce using rule 43 (expression -> FLOAT .)
    EGALEGAL        reduce using rule 43 (expression -> FLOAT .)
    AND             reduce using rule 43 (expression -> FLOAT .)
    OR              reduce using rule 43 (expression -> FLOAT .)
    PLUS            reduce using rule 43 (expression -> FLOAT .)
    TIMES           reduce using rule 43 (expression -> FLOAT .)
    MINUS           reduce using rule 43 (expression -> FLOAT .)
    DIVIDE          reduce using rule 43 (expression -> FLOAT .)
    NOTEG           reduce using rule 43 (expression -> FLOAT .)
    MODULO          reduce using rule 43 (expression -> FLOAT .)
    SEMI            reduce using rule 43 (expression -> FLOAT .)
    RPAREN          reduce using rule 43 (expression -> FLOAT .)
    COMMA           reduce using rule 43 (expression -> FLOAT .)


state 18

    (44) expression -> STRING .

    INF             reduce using rule 44 (expression -> STRING .)
    INFEG           reduce using rule 44 (expression -> STRING .)
    SUPEG           reduce using rule 44 (expression -> STRING .)
    SUP             reduce using rule 44 (expression -> STRING .)
    EGALEGAL        reduce using rule 44 (expression -> STRING .)
    AND             reduce using rule 44 (expression -> STRING .)
    OR              reduce using rule 44 (expression -> STRING .)
    PLUS            reduce using rule 44 (expression -> STRING .)
    TIMES           reduce using rule 44 (expression -> STRING .)
    MINUS           reduce using rule 44 (expression -> STRING .)
    DIVIDE          reduce using rule 44 (expression -> STRING .)
    NOTEG           reduce using rule 44 (expression -> STRING .)
    MODULO          reduce using rule 44 (expression -> STRING .)
    SEMI            reduce using rule 44 (expression -> STRING .)
    RPAREN          reduce using rule 44 (expression -> STRING .)
    COMMA           reduce using rule 44 (expression -> STRING .)


state 19

    (45) expression -> TRUE .

    INF             reduce using rule 45 (expression -> TRUE .)
    INFEG           reduce using rule 45 (expression -> TRUE .)
    SUPEG           reduce using rule 45 (expression -> TRUE .)
    SUP             reduce using rule 45 (expression -> TRUE .)
    EGALEGAL        reduce using rule 45 (expression -> TRUE .)
    AND             reduce using rule 45 (expression -> TRUE .)
    OR              reduce using rule 45 (expression -> TRUE .)
    PLUS            reduce using rule 45 (expression -> TRUE .)
    TIMES           reduce using rule 45 (expression -> TRUE .)
    MINUS           reduce using rule 45 (expression -> TRUE .)
    DIVIDE          reduce using rule 45 (expression -> TRUE .)
    NOTEG           reduce using rule 45 (expression -> TRUE .)
    MODULO          reduce using rule 45 (expression -> TRUE .)
    SEMI            reduce using rule 45 (expression -> TRUE .)
    RPAREN          reduce using rule 45 (expression -> TRUE .)
    COMMA           reduce using rule 45 (expression -> TRUE .)


state 20

    (46) expression -> FALSE .

    INF             reduce using rule 46 (expression -> FALSE .)
    INFEG           reduce using rule 46 (expression -> FALSE .)
    SUPEG           reduce using rule 46 (expression -> FALSE .)
    SUP             reduce using rule 46 (expression -> FALSE .)
    EGALEGAL        reduce using rule 46 (expression -> FALSE .)
    AND             reduce using rule 46 (expression -> FALSE .)
    OR              reduce using rule 46 (expression -> FALSE .)
    PLUS            reduce using rule 46 (expression -> FALSE .)
    TIMES           reduce using rule 46 (expression -> FALSE .)
    MINUS           reduce using rule 46 (expression -> FALSE .)
    DIVIDE          reduce using rule 46 (expression -> FALSE .)
    NOTEG           reduce using rule 46 (expression -> FALSE .)
    MODULO          reduce using rule 46 (expression -> FALSE .)
    SEMI            reduce using rule 46 (expression -> FALSE .)
    RPAREN          reduce using rule 46 (expression -> FALSE .)
    COMMA           reduce using rule 46 (expression -> FALSE .)


state 21

    (3) bloc -> bloc statement . SEMI

    SEMI            shift and go to state 49


state 22

    (4) bloc -> statement SEMI .

    IF              reduce using rule 4 (bloc -> statement SEMI .)
    WHILE           reduce using rule 4 (bloc -> statement SEMI .)
    FOR             reduce using rule 4 (bloc -> statement SEMI .)
    PRINT           reduce using rule 4 (bloc -> statement SEMI .)
    NAME            reduce using rule 4 (bloc -> statement SEMI .)
    TIMES           reduce using rule 4 (bloc -> statement SEMI .)
    DEF             reduce using rule 4 (bloc -> statement SEMI .)
    RETURN          reduce using rule 4 (bloc -> statement SEMI .)
    ELSE            reduce using rule 4 (bloc -> statement SEMI .)
    REF             reduce using rule 4 (bloc -> statement SEMI .)
    LPAREN          reduce using rule 4 (bloc -> statement SEMI .)
    NUMBER          reduce using rule 4 (bloc -> statement SEMI .)
    FLOAT           reduce using rule 4 (bloc -> statement SEMI .)
    STRING          reduce using rule 4 (bloc -> statement SEMI .)
    TRUE            reduce using rule 4 (bloc -> statement SEMI .)
    FALSE           reduce using rule 4 (bloc -> statement SEMI .)
    $end            reduce using rule 4 (bloc -> statement SEMI .)
    RACC            reduce using rule 4 (bloc -> statement SEMI .)


state 23

    (14) statement -> IF LPAREN . expression RPAREN LACC bloc RACC elif_list else_opt
    (23) expression -> . REF NAME
    (24) expression -> . expression INF expression
    (25) expression -> . expression INFEG expression
    (26) expression -> . expression SUPEG expression
    (27) expression -> . expression SUP expression
    (28) expression -> . expression EGALEGAL expression
    (29) expression -> . expression AND expression
    (30) expression -> . expression OR expression
    (31) expression -> . expression PLUS expression
    (32) expression -> . expression TIMES expression
    (33) expression -> . expression MINUS expression
    (34) expression -> . expression DIVIDE expression
    (35) expression -> . expression NOTEG expression
    (36) expression -> . expression MODULO expression
    (37) expression -> . NAME LPAREN args RPAREN
    (41) expression -> . LPAREN expression RPAREN
    (42) expression -> . NUMBER
    (43) expression -> . FLOAT
    (44) expression -> . STRING
    (45) expression -> . TRUE
    (46) expression -> . FALSE
    (47) expression -> . NAME
    (48) expression -> . TIMES NAME

    REF             shift and go to state 15
    NAME            shift and go to state 25
    LPAREN          shift and go to state 5
    NUMBER          shift and go to state 16
    FLOAT           shift and go to state 17
    STRING          shift and go to state 18
    TRUE            shift and go to state 19
    FALSE           shift and go to state 20
    TIMES           shift and go to state 26

    expression                     shift and go to state 50

state 24

    (41) expression -> LPAREN expression . RPAREN
    (24) expression -> expression . INF expression
    (25) expression -> expression . INFEG expression
    (26) expression -> expression . SUPEG expression
    (27) expression -> expression . SUP expression
    (28) expression -> expression . EGALEGAL expression
    (29) expression -> expression . AND expression
    (30) expression -> expression . OR expression
    (31) expression -> expression . PLUS expression
    (32) expression -> expression . TIMES expression
    (33) expression -> expression . MINUS expression
    (34) expression -> expression . DIVIDE expression
    (35) expression -> expression . NOTEG expression
    (36) expression -> expression . MODULO expression

    RPAREN          shift and go to state 51
    INF             shift and go to state 27
    INFEG           shift and go to state 28
    SUPEG           shift and go to state 29
    SUP             shift and go to state 30
    EGALEGAL        shift and go to state 31
    AND             shift and go to state 32
    OR              shift and go to state 33
    PLUS            shift and go to state 34
    TIMES           shift and go to state 35
    MINUS           shift and go to state 36
    DIVIDE          shift and go to state 37
    NOTEG           shift and go to state 38
    MODULO          shift and go to state 39


state 25

    (37) expression -> NAME . LPAREN args RPAREN
    (47) expression -> NAME .

    LPAREN          shift and go to state 44
    RPAREN          reduce using rule 47 (expression -> NAME .)
    INF             reduce using rule 47 (expression -> NAME .)
    INFEG           reduce using rule 47 (expression -> NAME .)
    SUPEG           reduce using rule 47 (expression -> NAME .)
    SUP             reduce using rule 47 (expression -> NAME .)
    EGALEGAL        reduce using rule 47 (expression -> NAME .)
    AND             reduce using rule 47 (expression -> NAME .)
    OR              reduce using rule 47 (expression -> NAME .)
    PLUS            reduce using rule 47 (expression -> NAME .)
    TIMES           reduce using rule 47 (expression -> NAME .)
    MINUS           reduce using rule 47 (expression -> NAME .)
    DIVIDE          reduce using rule 47 (expression -> NAME .)
    NOTEG           reduce using rule 47 (expression -> NAME .)
    MODULO          reduce using rule 47 (expression -> NAME .)
    SEMI            reduce using rule 47 (expression -> NAME .)
    COMMA           reduce using rule 47 (expression -> NAME .)


state 26

    (48) expression -> TIMES . NAME

    NAME            shift and go to state 52


state 27

    (24) expression -> expression INF . expression
    (23) expression -> . REF NAME
    (24) expression -> . expression INF expression
    (25) expression -> . expression INFEG expression
    (26) expression -> . expression SUPEG expression
    (27) expression -> . expression SUP expression
    (28) expression -> . expression EGALEGAL expression
    (29) expression -> . expression AND expression
    (30) expression -> . expression OR expression
    (31) expression -> . expression PLUS expression
    (32) expression -> . expression TIMES expression
    (33) expression -> . expression MINUS expression
    (34) expression -> . expression DIVIDE expression
    (35) expression -> . expression NOTEG expression
    (36) expression -> . expression MODULO expression
    (37) expression -> . NAME LPAREN args RPAREN
    (41) expression -> . LPAREN expression RPAREN
    (42) expression -> . NUMBER
    (43) expression -> . FLOAT
    (44) expression -> . STRING
    (45) expression -> . TRUE
    (46) expression -> . FALSE
    (47) expression -> . NAME
    (48) expression -> . TIMES NAME

    REF             shift and go to state 15
    NAME            shift and go to state 25
    LPAREN          shift and go to state 5
    NUMBER          shift and go to state 16
    FLOAT           shift and go to state 17
    STRING          shift and go to state 18
    TRUE            shift and go to state 19
    FALSE           shift and go to state 20
    TIMES           shift and go to state 26

    expression                     shift and go to state 53

state 28

    (25) expression -> expression INFEG . expression
    (23) expression -> . REF NAME
    (24) expression -> . expression INF expression
    (25) expression -> . expression INFEG expression
    (26) expression -> . expression SUPEG expression
    (27) expression -> . expression SUP expression
    (28) expression -> . expression EGALEGAL expression
    (29) expression -> . expression AND expression
    (30) expression -> . expression OR expression
    (31) expression -> . expression PLUS expression
    (32) expression -> . expression TIMES expression
    (33) expression -> . expression MINUS expression
    (34) expression -> . expression DIVIDE expression
    (35) expression -> . expression NOTEG expression
    (36) expression -> . expression MODULO expression
    (37) expression -> . NAME LPAREN args RPAREN
    (41) expression -> . LPAREN expression RPAREN
    (42) expression -> . NUMBER
    (43) expression -> . FLOAT
    (44) expression -> . STRING
    (45) expression -> . TRUE
    (46) expression -> . FALSE
    (47) expression -> . NAME
    (48) expression -> . TIMES NAME

    REF             shift and go to state 15
    NAME            shift and go to state 25
    LPAREN          shift and go to state 5
    NUMBER          shift and go to state 16
    FLOAT           shift and go to state 17
    STRING          shift and go to state 18
    TRUE            shift and go to state 19
    FALSE           shift and go to state 20
    TIMES           shift and go to state 26

    expression                     shift and go to state 54

state 29

    (26) expression -> expression SUPEG . expression
    (23) expression -> . REF NAME
    (24) expression -> . expression INF expression
    (25) expression -> . expression INFEG expression
    (26) expression -> . expression SUPEG expression
    (27) expression -> . expression SUP expression
    (28) expression -> . expression EGALEGAL expression
    (29) expression -> . expression AND expression
    (30) expression -> . expression OR expression
    (31) expression -> . expression PLUS expression
    (32) expression -> . expression TIMES expression
    (33) expression -> . expression MINUS expression
    (34) expression -> . expression DIVIDE expression
    (35) expression -> . expression NOTEG expression
    (36) expression -> . expression MODULO expression
    (37) expression -> . NAME LPAREN args RPAREN
    (41) expression -> . LPAREN expression RPAREN
    (42) expression -> . NUMBER
    (43) expression -> . FLOAT
    (44) expression -> . STRING
    (45) expression -> . TRUE
    (46) expression -> . FALSE
    (47) expression -> . NAME
    (48) expression -> . TIMES NAME

    REF             shift and go to state 15
    NAME            shift and go to state 25
    LPAREN          shift and go to state 5
    NUMBER          shift and go to state 16
    FLOAT           shift and go to state 17
    STRING          shift and go to state 18
    TRUE            shift and go to state 19
    FALSE           shift and go to state 20
    TIMES           shift and go to state 26

    expression                     shift and go to state 55

state 30

    (27) expression -> expression SUP . expression
    (23) expression -> . REF NAME
    (24) expression -> . expression INF expression
    (25) expression -> . expression INFEG expression
    (26) expression -> . expression SUPEG expression
    (27) expression -> . expression SUP expression
    (28) expression -> . expression EGALEGAL expression
    (29) expression -> . expression AND expression
    (30) expression -> . expression OR expression
    (31) expression -> . expression PLUS expression
    (32) expression -> . expression TIMES expression
    (33) expression -> . expression MINUS expression
    (34) expression -> . expression DIVIDE expression
    (35) expression -> . expression NOTEG expression
    (36) expression -> . expression MODULO expression
    (37) expression -> . NAME LPAREN args RPAREN
    (41) expression -> . LPAREN expression RPAREN
    (42) expression -> . NUMBER
    (43) expression -> . FLOAT
    (44) expression -> . STRING
    (45) expression -> . TRUE
    (46) expression -> . FALSE
    (47) expression -> . NAME
    (48) expression -> . TIMES NAME

    REF             shift and go to state 15
    NAME            shift and go to state 25
    LPAREN          shift and go to state 5
    NUMBER          shift and go to state 16
    FLOAT           shift and go to state 17
    STRING          shift and go to state 18
    TRUE            shift and go to state 19
    FALSE           shift and go to state 20
    TIMES           shift and go to state 26

    expression                     shift and go to state 56

state 31

    (28) expression -> expression EGALEGAL . expression
    (23) expression -> . REF NAME
    (24) expression -> . expression INF expression
    (25) expression -> . expression INFEG expression
    (26) expression -> . expression SUPEG expression
    (27) expression -> . expression SUP expression
    (28) expression -> . expression EGALEGAL expression
    (29) expression -> . expression AND expression
    (30) expression -> . expression OR expression
    (31) expression -> . expression PLUS expression
    (32) expression -> . expression TIMES expression
    (33) expression -> . expression MINUS expression
    (34) expression -> . expression DIVIDE expression
    (35) expression -> . expression NOTEG expression
    (36) expression -> . expression MODULO expression
    (37) expression -> . NAME LPAREN args RPAREN
    (41) expression -> . LPAREN expression RPAREN
    (42) expression -> . NUMBER
    (43) expression -> . FLOAT
    (44) expression -> . STRING
    (45) expression -> . TRUE
    (46) expression -> . FALSE
    (47) expression -> . NAME
    (48) expression -> . TIMES NAME

    REF             shift and go to state 15
    NAME            shift and go to state 25
    LPAREN          shift and go to state 5
    NUMBER          shift and go to state 16
    FLOAT           shift and go to state 17
    STRING          shift and go to state 18
    TRUE            shift and go to state 19
    FALSE           shift and go to state 20
    TIMES           shift and go to state 26

    expression                     shift and go to state 57

state 32

    (29) expression -> expression AND . expression
    (23) expression -> . REF NAME
    (24) expression -> . expression INF expression
    (25) expression -> . expression INFEG expression
    (26) expression -> . expression SUPEG expression
    (27) expression -> . expression SUP expression
    (28) expression -> . expression EGALEGAL expression
    (29) expression -> . expression AND expression
    (30) expression -> . expression OR expression
    (31) expression -> . expression PLUS expression
    (32) expression -> . expression TIMES expression
    (33) expression -> . expression MINUS expression
    (34) expression -> . expression DIVIDE expression
    (35) expression -> . expression NOTEG expression
    (36) expression -> . expression MODULO expression
    (37) expression -> . NAME LPAREN args RPAREN
    (41) expression -> . LPAREN expression RPAREN
    (42) expression -> . NUMBER
    (43) expression -> . FLOAT
    (44) expression -> . STRING
    (45) expression -> . TRUE
    (46) expression -> . FALSE
    (47) expression -> . NAME
    (48) expression -> . TIMES NAME

    REF             shift and go to state 15
    NAME            shift and go to state 25
    LPAREN          shift and go to state 5
    NUMBER          shift and go to state 16
    FLOAT           shift and go to state 17
    STRING          shift and go to state 18
    TRUE            shift and go to state 19
    FALSE           shift and go to state 20
    TIMES           shift and go to state 26

    expression                     shift and go to state 58

state 33

    (30) expression -> expression OR . expression
    (23) expression -> . REF NAME
    (24) expression -> . expression INF expression
    (25) expression -> . expression INFEG expression
    (26) expression -> . expression SUPEG expression
    (27) expression -> . expression SUP expression
    (28) expression -> . expression EGALEGAL expression
    (29) expression -> . expression AND expression
    (30) expression -> . expression OR expression
    (31) expression -> . expression PLUS expression
    (32) expression -> . expression TIMES expression
    (33) expression -> . expression MINUS expression
    (34) expression -> . expression DIVIDE expression
    (35) expression -> . expression NOTEG expression
    (36) expression -> . expression MODULO expression
    (37) expression -> . NAME LPAREN args RPAREN
    (41) expression -> . LPAREN expression RPAREN
    (42) expression -> . NUMBER
    (43) expression -> . FLOAT
    (44) expression -> . STRING
    (45) expression -> . TRUE
    (46) expression -> . FALSE
    (47) expression -> . NAME
    (48) expression -> . TIMES NAME

    REF             shift and go to state 15
    NAME            shift and go to state 25
    LPAREN          shift and go to state 5
    NUMBER          shift and go to state 16
    FLOAT           shift and go to state 17
    STRING          shift and go to state 18
    TRUE            shift and go to state 19
    FALSE           shift and go to state 20
    TIMES           shift and go to state 26

    expression                     shift and go to state 59

state 34

    (31) expression -> expression PLUS . expression
    (23) expression -> . REF NAME
    (24) expression -> . expression INF expression
    (25) expression -> . expression INFEG expression
    (26) expression -> . expression SUPEG expression
    (27) expression -> . expression SUP expression
    (28) expression -> . expression EGALEGAL expression
    (29) expression -> . expression AND expression
    (30) expression -> . expression OR expression
    (31) expression -> . expression PLUS expression
    (32) expression -> . expression TIMES expression
    (33) expression -> . expression MINUS expression
    (34) expression -> . expression DIVIDE expression
    (35) expression -> . expression NOTEG expression
    (36) expression -> . expression MODULO expression
    (37) expression -> . NAME LPAREN args RPAREN
    (41) expression -> . LPAREN expression RPAREN
    (42) expression -> . NUMBER
    (43) expression -> . FLOAT
    (44) expression -> . STRING
    (45) expression -> . TRUE
    (46) expression -> . FALSE
    (47) expression -> . NAME
    (48) expression -> . TIMES NAME

    REF             shift and go to state 15
    NAME            shift and go to state 25
    LPAREN          shift and go to state 5
    NUMBER          shift and go to state 16
    FLOAT           shift and go to state 17
    STRING          shift and go to state 18
    TRUE            shift and go to state 19
    FALSE           shift and go to state 20
    TIMES           shift and go to state 26

    expression                     shift and go to state 60

state 35

    (32) expression -> expression TIMES . expression
    (23) expression -> . REF NAME
    (24) expression -> . expression INF expression
    (25) expression -> . expression INFEG expression
    (26) expression -> . expression SUPEG expression
    (27) expression -> . expression SUP expression
    (28) expression -> . expression EGALEGAL expression
    (29) expression -> . expression AND expression
    (30) expression -> . expression OR expression
    (31) expression -> . expression PLUS expression
    (32) expression -> . expression TIMES expression
    (33) expression -> . expression MINUS expression
    (34) expression -> . expression DIVIDE expression
    (35) expression -> . expression NOTEG expression
    (36) expression -> . expression MODULO expression
    (37) expression -> . NAME LPAREN args RPAREN
    (41) expression -> . LPAREN expression RPAREN
    (42) expression -> . NUMBER
    (43) expression -> . FLOAT
    (44) expression -> . STRING
    (45) expression -> . TRUE
    (46) expression -> . FALSE
    (47) expression -> . NAME
    (48) expression -> . TIMES NAME

    REF             shift and go to state 15
    NAME            shift and go to state 25
    LPAREN          shift and go to state 5
    NUMBER          shift and go to state 16
    FLOAT           shift and go to state 17
    STRING          shift and go to state 18
    TRUE            shift and go to state 19
    FALSE           shift and go to state 20
    TIMES           shift and go to state 26

    expression                     shift and go to state 61

state 36

    (33) expression -> expression MINUS . expression
    (23) expression -> . REF NAME
    (24) expression -> . expression INF expression
    (25) expression -> . expression INFEG expression
    (26) expression -> . expression SUPEG expression
    (27) expression -> . expression SUP expression
    (28) expression -> . expression EGALEGAL expression
    (29) expression -> . expression AND expression
    (30) expression -> . expression OR expression
    (31) expression -> . expression PLUS expression
    (32) expression -> . expression TIMES expression
    (33) expression -> . expression MINUS expression
    (34) expression -> . expression DIVIDE expression
    (35) expression -> . expression NOTEG expression
    (36) expression -> . expression MODULO expression
    (37) expression -> . NAME LPAREN args RPAREN
    (41) expression -> . LPAREN expression RPAREN
    (42) expression -> . NUMBER
    (43) expression -> . FLOAT
    (44) expression -> . STRING
    (45) expression -> . TRUE
    (46) expression -> . FALSE
    (47) expression -> . NAME
    (48) expression -> . TIMES NAME

    REF             shift and go to state 15
    NAME            shift and go to state 25
    LPAREN          shift and go to state 5
    NUMBER          shift and go to state 16
    FLOAT           shift and go to state 17
    STRING          shift and go to state 18
    TRUE            shift and go to state 19
    FALSE           shift and go to state 20
    TIMES           shift and go to state 26

    expression                     shift and go to state 62

state 37

    (34) expression -> expression DIVIDE . expression
    (23) expression -> . REF NAME
    (24) expression -> . expression INF expression
    (25) expression -> . expression INFEG expression
    (26) expression -> . expression SUPEG expression
    (27) expression -> . expression SUP expression
    (28) expression -> . expression EGALEGAL expression
    (29) expression -> . expression AND expression
    (30) expression -> . expression OR expression
    (31) expression -> . expression PLUS expression
    (32) expression -> . expression TIMES expression
    (33) expression -> . expression MINUS expression
    (34) expression -> . expression DIVIDE expression
    (35) expression -> . expression NOTEG expression
    (36) expression -> . expression MODULO expression
    (37) expression -> . NAME LPAREN args RPAREN
    (41) expression -> . LPAREN expression RPAREN
    (42) expression -> . NUMBER
    (43) expression -> . FLOAT
    (44) expression -> . STRING
    (45) expression -> . TRUE
    (46) expression -> . FALSE
    (47) expression -> . NAME
    (48) expression -> . TIMES NAME

    REF             shift and go to state 15
    NAME            shift and go to state 25
    LPAREN          shift and go to state 5
    NUMBER          shift and go to state 16
    FLOAT           shift and go to state 17
    STRING          shift and go to state 18
    TRUE            shift and go to state 19
    FALSE           shift and go to state 20
    TIMES           shift and go to state 26

    expression                     shift and go to state 63

state 38

    (35) expression -> expression NOTEG . expression
    (23) expression -> . REF NAME
    (24) expression -> . expression INF expression
    (25) expression -> . expression INFEG expression
    (26) expression -> . expression SUPEG expression
    (27) expression -> . expression SUP expression
    (28) expression -> . expression EGALEGAL expression
    (29) expression -> . expression AND expression
    (30) expression -> . expression OR expression
    (31) expression -> . expression PLUS expression
    (32) expression -> . expression TIMES expression
    (33) expression -> . expression MINUS expression
    (34) expression -> . expression DIVIDE expression
    (35) expression -> . expression NOTEG expression
    (36) expression -> . expression MODULO expression
    (37) expression -> . NAME LPAREN args RPAREN
    (41) expression -> . LPAREN expression RPAREN
    (42) expression -> . NUMBER
    (43) expression -> . FLOAT
    (44) expression -> . STRING
    (45) expression -> . TRUE
    (46) expression -> . FALSE
    (47) expression -> . NAME
    (48) expression -> . TIMES NAME

    REF             shift and go to state 15
    NAME            shift and go to state 25
    LPAREN          shift and go to state 5
    NUMBER          shift and go to state 16
    FLOAT           shift and go to state 17
    STRING          shift and go to state 18
    TRUE            shift and go to state 19
    FALSE           shift and go to state 20
    TIMES           shift and go to state 26

    expression                     shift and go to state 64

state 39

    (36) expression -> expression MODULO . expression
    (23) expression -> . REF NAME
    (24) expression -> . expression INF expression
    (25) expression -> . expression INFEG expression
    (26) expression -> . expression SUPEG expression
    (27) expression -> . expression SUP expression
    (28) expression -> . expression EGALEGAL expression
    (29) expression -> . expression AND expression
    (30) expression -> . expression OR expression
    (31) expression -> . expression PLUS expression
    (32) expression -> . expression TIMES expression
    (33) expression -> . expression MINUS expression
    (34) expression -> . expression DIVIDE expression
    (35) expression -> . expression NOTEG expression
    (36) expression -> . expression MODULO expression
    (37) expression -> . NAME LPAREN args RPAREN
    (41) expression -> . LPAREN expression RPAREN
    (42) expression -> . NUMBER
    (43) expression -> . FLOAT
    (44) expression -> . STRING
    (45) expression -> . TRUE
    (46) expression -> . FALSE
    (47) expression -> . NAME
    (48) expression -> . TIMES NAME

    REF             shift and go to state 15
    NAME            shift and go to state 25
    LPAREN          shift and go to state 5
    NUMBER          shift and go to state 16
    FLOAT           shift and go to state 17
    STRING          shift and go to state 18
    TRUE            shift and go to state 19
    FALSE           shift and go to state 20
    TIMES           shift and go to state 26

    expression                     shift and go to state 65

state 40

    (15) statement -> WHILE LPAREN . expression RPAREN LACC bloc RACC
    (23) expression -> . REF NAME
    (24) expression -> . expression INF expression
    (25) expression -> . expression INFEG expression
    (26) expression -> . expression SUPEG expression
    (27) expression -> . expression SUP expression
    (28) expression -> . expression EGALEGAL expression
    (29) expression -> . expression AND expression
    (30) expression -> . expression OR expression
    (31) expression -> . expression PLUS expression
    (32) expression -> . expression TIMES expression
    (33) expression -> . expression MINUS expression
    (34) expression -> . expression DIVIDE expression
    (35) expression -> . expression NOTEG expression
    (36) expression -> . expression MODULO expression
    (37) expression -> . NAME LPAREN args RPAREN
    (41) expression -> . LPAREN expression RPAREN
    (42) expression -> . NUMBER
    (43) expression -> . FLOAT
    (44) expression -> . STRING
    (45) expression -> . TRUE
    (46) expression -> . FALSE
    (47) expression -> . NAME
    (48) expression -> . TIMES NAME

    REF             shift and go to state 15
    NAME            shift and go to state 25
    LPAREN          shift and go to state 5
    NUMBER          shift and go to state 16
    FLOAT           shift and go to state 17
    STRING          shift and go to state 18
    TRUE            shift and go to state 19
    FALSE           shift and go to state 20
    TIMES           shift and go to state 26

    expression                     shift and go to state 66

state 41

    (16) statement -> FOR LPAREN . statement SEMI expression SEMI statement RPAREN LACC bloc RACC
    (14) statement -> . IF LPAREN expression RPAREN LACC bloc RACC elif_list else_opt
    (15) statement -> . WHILE LPAREN expression RPAREN LACC bloc RACC
    (16) statement -> . FOR LPAREN statement SEMI expression SEMI statement RPAREN LACC bloc RACC
    (17) statement -> . PRINT LPAREN expression RPAREN
    (18) statement -> . NAME EGAL expression
    (19) statement -> . TIMES NAME EGAL expression
    (20) statement -> . DEF NAME LPAREN params RPAREN LACC bloc RACC
    (21) statement -> . RETURN expression
    (22) statement -> . expression
    (49) statement -> . ELSE
    (23) expression -> . REF NAME
    (24) expression -> . expression INF expression
    (25) expression -> . expression INFEG expression
    (26) expression -> . expression SUPEG expression
    (27) expression -> . expression SUP expression
    (28) expression -> . expression EGALEGAL expression
    (29) expression -> . expression AND expression
    (30) expression -> . expression OR expression
    (31) expression -> . expression PLUS expression
    (32) expression -> . expression TIMES expression
    (33) expression -> . expression MINUS expression
    (34) expression -> . expression DIVIDE expression
    (35) expression -> . expression NOTEG expression
    (36) expression -> . expression MODULO expression
    (37) expression -> . NAME LPAREN args RPAREN
    (41) expression -> . LPAREN expression RPAREN
    (42) expression -> . NUMBER
    (43) expression -> . FLOAT
    (44) expression -> . STRING
    (45) expression -> . TRUE
    (46) expression -> . FALSE
    (47) expression -> . NAME
    (48) expression -> . TIMES NAME

    IF              shift and go to state 4
    WHILE           shift and go to state 7
    FOR             shift and go to state 8
    PRINT           shift and go to state 9
    NAME            shift and go to state 10
    TIMES           shift and go to state 11
    DEF             shift and go to state 12
    RETURN          shift and go to state 13
    ELSE            shift and go to state 14
    REF             shift and go to state 15
    LPAREN          shift and go to state 5
    NUMBER          shift and go to state 16
    FLOAT           shift and go to state 17
    STRING          shift and go to state 18
    TRUE            shift and go to state 19
    FALSE           shift and go to state 20

    statement                      shift and go to state 67
    expression                     shift and go to state 6

state 42

    (17) statement -> PRINT LPAREN . expression RPAREN
    (23) expression -> . REF NAME
    (24) expression -> . expression INF expression
    (25) expression -> . expression INFEG expression
    (26) expression -> . expression SUPEG expression
    (27) expression -> . expression SUP expression
    (28) expression -> . expression EGALEGAL expression
    (29) expression -> . expression AND expression
    (30) expression -> . expression OR expression
    (31) expression -> . expression PLUS expression
    (32) expression -> . expression TIMES expression
    (33) expression -> . expression MINUS expression
    (34) expression -> . expression DIVIDE expression
    (35) expression -> . expression NOTEG expression
    (36) expression -> . expression MODULO expression
    (37) expression -> . NAME LPAREN args RPAREN
    (41) expression -> . LPAREN expression RPAREN
    (42) expression -> . NUMBER
    (43) expression -> . FLOAT
    (44) expression -> . STRING
    (45) expression -> . TRUE
    (46) expression -> . FALSE
    (47) expression -> . NAME
    (48) expression -> . TIMES NAME

    REF             shift and go to state 15
    NAME            shift and go to state 25
    LPAREN          shift and go to state 5
    NUMBER          shift and go to state 16
    FLOAT           shift and go to state 17
    STRING          shift and go to state 18
    TRUE            shift and go to state 19
    FALSE           shift and go to state 20
    TIMES           shift and go to state 26

    expression                     shift and go to state 68

state 43

    (18) statement -> NAME EGAL . expression
    (23) expression -> . REF NAME
    (24) expression -> . expression INF expression
    (25) expression -> . expression INFEG expression
    (26) expression -> . expression SUPEG expression
    (27) expression -> . expression SUP expression
    (28) expression -> . expression EGALEGAL expression
    (29) expression -> . expression AND expression
    (30) expression -> . expression OR expression
    (31) expression -> . expression PLUS expression
    (32) expression -> . expression TIMES expression
    (33) expression -> . expression MINUS expression
    (34) expression -> . expression DIVIDE expression
    (35) expression -> . expression NOTEG expression
    (36) expression -> . expression MODULO expression
    (37) expression -> . NAME LPAREN args RPAREN
    (41) expression -> . LPAREN expression RPAREN
    (42) expression -> . NUMBER
    (43) expression -> . FLOAT
    (44) expression -> . STRING
    (45) expression -> . TRUE
    (46) expression -> . FALSE
    (47) expression -> . NAME
    (48) expression -> . TIMES NAME

    REF             shift and go to state 15
    NAME            shift and go to state 25
    LPAREN          shift and go to state 5
    NUMBER          shift and go to state 16
    FLOAT           shift and go to state 17
    STRING          shift and go to state 18
    TRUE            shift and go to state 19
    FALSE           shift and go to state 20
    TIMES           shift and go to state 26

    expression                     shift and go to state 69

state 44

    (37) expression -> NAME LPAREN . args RPAREN
    (38) args -> .
    (39) args -> . expression
    (40) args -> . expression COMMA args
    (23) expression -> . REF NAME
    (24) expression -> . expression INF expression
    (25) expression -> . expression INFEG expression
    (26) expression -> . expression SUPEG expression
    (27) expression -> . expression SUP expression
    (28) expression -> . expression EGALEGAL expression
    (29) expression -> . expression AND expression
    (30) expression -> . expression OR expression
    (31) expression -> . expression PLUS expression
    (32) expression -> . expression TIMES expression
    (33) expression -> . expression MINUS expression
    (34) expression -> . expression DIVIDE expression
    (35) expression -> . expression NOTEG expression
    (36) expression -> . expression MODULO expression
    (37) expression -> . NAME LPAREN args RPAREN
    (41) expression -> . LPAREN expression RPAREN
    (42) expression -> . NUMBER
    (43) expression -> . FLOAT
    (44) expression -> . STRING
    (45) expression -> . TRUE
    (46) expression -> . FALSE
    (47) expression -> . NAME
    (48) expression -> . TIMES NAME

    RPAREN          reduce using rule 38 (args -> .)
    REF             shift and go to state 15
    NAME            shift and go to state 25
    LPAREN          shift and go to state 5
    NUMBER          shift and go to state 16
    FLOAT           shift and go to state 17
    STRING          shift and go to state 18
    TRUE            shift and go to state 19
    FALSE           shift and go to state 20
    TIMES           shift and go to state 26

    args                           shift and go to state 70
    expression                     shift and go to state 71

state 45

    (19) statement -> TIMES NAME . EGAL expression
    (48) expression -> TIMES NAME .

    EGAL            shift and go to state 72
    INF             reduce using rule 48 (expression -> TIMES NAME .)
    INFEG           reduce using rule 48 (expression -> TIMES NAME .)
    SUPEG           reduce using rule 48 (expression -> TIMES NAME .)
    SUP             reduce using rule 48 (expression -> TIMES NAME .)
    EGALEGAL        reduce using rule 48 (expression -> TIMES NAME .)
    AND             reduce using rule 48 (expression -> TIMES NAME .)
    OR              reduce using rule 48 (expression -> TIMES NAME .)
    PLUS            reduce using rule 48 (expression -> TIMES NAME .)
    TIMES           reduce using rule 48 (expression -> TIMES NAME .)
    MINUS           reduce using rule 48 (expression -> TIMES NAME .)
    DIVIDE          reduce using rule 48 (expression -> TIMES NAME .)
    NOTEG           reduce using rule 48 (expression -> TIMES NAME .)
    MODULO          reduce using rule 48 (expression -> TIMES NAME .)
    SEMI            reduce using rule 48 (expression -> TIMES NAME .)
    RPAREN          reduce using rule 48 (expression -> TIMES NAME .)


state 46

    (20) statement -> DEF NAME . LPAREN params RPAREN LACC bloc RACC

    LPAREN          shift and go to state 73


state 47

    (21) statement -> RETURN expression .
    (24) expression -> expression . INF expression
    (25) expression -> expression . INFEG expression
    (26) expression -> expression . SUPEG expression
    (27) expression -> expression . SUP expression
    (28) expression -> expression . EGALEGAL expression
    (29) expression -> expression . AND expression
    (30) expression -> expression . OR expression
    (31) expression -> expression . PLUS expression
    (32) expression -> expression . TIMES expression
    (33) expression -> expression . MINUS expression
    (34) expression -> expression . DIVIDE expression
    (35) expression -> expression . NOTEG expression
    (36) expression -> expression . MODULO expression

    SEMI            reduce using rule 21 (statement -> RETURN expression .)
    RPAREN          reduce using rule 21 (statement -> RETURN expression .)
    INF             shift and go to state 27
    INFEG           shift and go to state 28
    SUPEG           shift and go to state 29
    SUP             shift and go to state 30
    EGALEGAL        shift and go to state 31
    AND             shift and go to state 32
    OR              shift and go to state 33
    PLUS            shift and go to state 34
    TIMES           shift and go to state 35
    MINUS           shift and go to state 36
    DIVIDE          shift and go to state 37
    NOTEG           shift and go to state 38
    MODULO          shift and go to state 39


state 48

    (23) expression -> REF NAME .

    INF             reduce using rule 23 (expression -> REF NAME .)
    INFEG           reduce using rule 23 (expression -> REF NAME .)
    SUPEG           reduce using rule 23 (expression -> REF NAME .)
    SUP             reduce using rule 23 (expression -> REF NAME .)
    EGALEGAL        reduce using rule 23 (expression -> REF NAME .)
    AND             reduce using rule 23 (expression -> REF NAME .)
    OR              reduce using rule 23 (expression -> REF NAME .)
    PLUS            reduce using rule 23 (expression -> REF NAME .)
    TIMES           reduce using rule 23 (expression -> REF NAME .)
    MINUS           reduce using rule 23 (expression -> REF NAME .)
    DIVIDE          reduce using rule 23 (expression -> REF NAME .)
    NOTEG           reduce using rule 23 (expression -> REF NAME .)
    MODULO          reduce using rule 23 (expression -> REF NAME .)
    SEMI            reduce using rule 23 (expression -> REF NAME .)
    RPAREN          reduce using rule 23 (expression -> REF NAME .)
    COMMA           reduce using rule 23 (expression -> REF NAME .)


state 49

    (3) bloc -> bloc statement SEMI .

    IF              reduce using rule 3 (bloc -> bloc statement SEMI .)
    WHILE           reduce using rule 3 (bloc -> bloc statement SEMI .)
    FOR             reduce using rule 3 (bloc -> bloc statement SEMI .)
    PRINT           reduce using rule 3 (bloc -> bloc statement SEMI .)
    NAME            reduce using rule 3 (bloc -> bloc statement SEMI .)
    TIMES           reduce using rule 3 (bloc -> bloc statement SEMI .)
    DEF             reduce using rule 3 (bloc -> bloc statement SEMI .)
    RETURN          reduce using rule 3 (bloc -> bloc statement SEMI .)
    ELSE            reduce using rule 3 (bloc -> bloc statement SEMI .)
    REF             reduce using rule 3 (bloc -> bloc statement SEMI .)
    LPAREN          reduce using rule 3 (bloc -> bloc statement SEMI .)
    NUMBER          reduce using rule 3 (bloc -> bloc statement SEMI .)
    FLOAT           reduce using rule 3 (bloc -> bloc statement SEMI .)
    STRING          reduce using rule 3 (bloc -> bloc statement SEMI .)
    TRUE            reduce using rule 3 (bloc -> bloc statement SEMI .)
    FALSE           reduce using rule 3 (bloc -> bloc statement SEMI .)
    $end            reduce using rule 3 (bloc -> bloc statement SEMI .)
    RACC            reduce using rule 3 (bloc -> bloc statement SEMI .)


state 50

    (14) statement -> IF LPAREN expression . RPAREN LACC bloc RACC elif_list else_opt
    (24) expression -> expression . INF expression
    (25) expression -> expression . INFEG expression
    (26) expression -> expression . SUPEG expression
    (27) expression -> expression . SUP expression
    (28) expression -> expression . EGALEGAL expression
    (29) expression -> expression . AND expression
    (30) expression -> expression . OR expression
    (31) expression -> expression . PLUS expression
    (32) expression -> expression . TIMES expression
    (33) expression -> expression . MINUS expression
    (34) expression -> expression . DIVIDE expression
    (35) expression -> expression . NOTEG expression
    (36) expression -> expression . MODULO expression

    RPAREN          shift and go to state 74
    INF             shift and go to state 27
    INFEG           shift and go to state 28
    SUPEG           shift and go to state 29
    SUP             shift and go to state 30
    EGALEGAL        shift and go to state 31
    AND             shift and go to state 32
    OR              shift and go to state 33
    PLUS            shift and go to state 34
    TIMES           shift and go to state 35
    MINUS           shift and go to state 36
    DIVIDE          shift and go to state 37
    NOTEG           shift and go to state 38
    MODULO          shift and go to state 39


state 51

    (41) expression -> LPAREN expression RPAREN .

    INF             reduce using rule 41 (expression -> LPAREN expression RPAREN .)
    INFEG           reduce using rule 41 (expression -> LPAREN expression RPAREN .)
    SUPEG           reduce using rule 41 (expression -> LPAREN expression RPAREN .)
    SUP             reduce using rule 41 (expression -> LPAREN expression RPAREN .)
    EGALEGAL        reduce using rule 41 (expression -> LPAREN expression RPAREN .)
    AND             reduce using rule 41 (expression -> LPAREN expression RPAREN .)
    OR              reduce using rule 41 (expression -> LPAREN expression RPAREN .)
    PLUS            reduce using rule 41 (expression -> LPAREN expression RPAREN .)
    TIMES           reduce using rule 41 (expression -> LPAREN expression RPAREN .)
    MINUS           reduce using rule 41 (expression -> LPAREN expression RPAREN .)
    DIVIDE          reduce using rule 41 (expression -> LPAREN expression RPAREN .)
    NOTEG           reduce using rule 41 (expression -> LPAREN expression RPAREN .)
    MODULO          reduce using rule 41 (expression -> LPAREN expression RPAREN .)
    SEMI            reduce using rule 41 (expression -> LPAREN expression RPAREN .)
    RPAREN          reduce using rule 41 (expression -> LPAREN expression RPAREN .)
    COMMA           reduce using rule 41 (expression -> LPAREN expression RPAREN .)


state 52

    (48) expression -> TIMES NAME .

    RPAREN          reduce using rule 48 (expression -> TIMES NAME .)
    INF             reduce using rule 48 (expression -> TIMES NAME .)
    INFEG           reduce using rule 48 (expression -> TIMES NAME .)
    SUPEG           reduce using rule 48 (expression -> TIMES NAME .)
    SUP             reduce using rule 48 (expression -> TIMES NAME .)
    EGALEGAL        reduce using rule 48 (expression -> TIMES NAME .)
    AND             reduce using rule 48 (expression -> TIMES NAME .)
    OR              reduce using rule 48 (expression -> TIMES NAME .)
    PLUS            reduce using rule 48 (expression -> TIMES NAME .)
    TIMES           reduce using rule 48 (expression -> TIMES NAME .)
    MINUS           reduce using rule 48 (expression -> TIMES NAME .)
    DIVIDE          reduce using rule 48 (expression -> TIMES NAME .)
    NOTEG           reduce using rule 48 (expression -> TIMES NAME .)
    MODULO          reduce using rule 48 (expression -> TIMES NAME .)
    SEMI            reduce using rule 48 (expression -> TIMES NAME .)
    COMMA           reduce using rule 48 (expression -> TIMES NAME .)


state 53

    (24) expression -> expression INF expression .
    (24) expression -> expression . INF expression
    (25) expression -> expression . INFEG expression
    (26) expression -> expression . SUPEG expression
    (27) expression -> expression . SUP expression
    (28) expression -> expression . EGALEGAL expression
    (29) expression -> expression . AND expression
    (30) expression -> expression . OR expression
    (31) expression -> expression . PLUS expression
    (32) expression -> expression . TIMES expression
    (33) expression -> expression . MINUS expression
    (34) expression -> expression . DIVIDE expression
    (35) expression -> expression . NOTEG expression
    (36) expression -> expression . MODULO expression

    INF             reduce using rule 24 (expression -> expression INF expression .)
    INFEG           reduce using rule 24 (expression -> expression INF expression .)
    SUPEG           reduce using rule 24 (expression -> expression INF expression .)
    SUP             reduce using rule 24 (expression -> expression INF expression .)
    EGALEGAL        reduce using rule 24 (expression -> expression INF expression .)
    AND             reduce using rule 24 (expression -> expression INF expression .)
    OR              reduce using rule 24 (expression -> expression INF expression .)
    NOTEG           reduce using rule 24 (expression -> expression INF expression .)
    MODULO          reduce using rule 24 (expression -> expression INF expression .)
    SEMI            reduce using rule 24 (expression -> expression INF expression .)
    RPAREN          reduce using rule 24 (expression -> expression INF expression .)
    COMMA           reduce using rule 24 (expression -> expression INF expression .)
    PLUS            shift and go to state 34
    TIMES           shift and go to state 35
    MINUS           shift and go to state 36
    DIVIDE          shift and go to state 37

  ! PLUS            [ reduce using rule 24 (expression -> expression INF expression .) ]
  ! TIMES           [ reduce using rule 24 (expression -> expression INF expression .) ]
  ! MINUS           [ reduce using rule 24 (expression -> expression INF expression .) ]
  ! DIVIDE          [ reduce using rule 24 (expression -> expression INF expression .) ]
  ! INF             [ shift and go to state 27 ]
  ! INFEG           [ shift and go to state 28 ]
  ! SUPEG           [ shift and go to state 29 ]
  ! SUP             [ shift and go to state 30 ]
  ! EGALEGAL        [ shift and go to state 31 ]
  ! AND             [ shift and go to state 32 ]
  ! OR              [ shift and go to state 33 ]
  ! NOTEG           [ shift and go to state 38 ]
  ! MODULO          [ shift and go to state 39 ]


state 54

    (25) expression -> expression INFEG expression .
    (24) expression -> expression . INF expression
    (25) expression -> expression . INFEG expression
    (26) expression -> expression . SUPEG expression
    (27) expression -> expression . SUP expression
    (28) expression -> expression . EGALEGAL expression
    (29) expression -> expression . AND expression
    (30) expression -> expression . OR expression
    (31) expression -> expression . PLUS expression
    (32) expression -> expression . TIMES expression
    (33) expression -> expression . MINUS expression
    (34) expression -> expression . DIVIDE expression
    (35) expression -> expression . NOTEG expression
    (36) expression -> expression . MODULO expression

    INF             reduce using rule 25 (expression -> expression INFEG expression .)
    INFEG           reduce using rule 25 (expression -> expression INFEG expression .)
    SUPEG           reduce using rule 25 (expression -> expression INFEG expression .)
    SUP             reduce using rule 25 (expression -> expression INFEG expression .)
    EGALEGAL        reduce using rule 25 (expression -> expression INFEG expression .)
    AND             reduce using rule 25 (expression -> expression INFEG expression .)
    OR              reduce using rule 25 (expression -> expression INFEG expression .)
    NOTEG           reduce using rule 25 (expression -> expression INFEG expression .)
    MODULO          reduce using rule 25 (expression -> expression INFEG expression .)
    SEMI            reduce using rule 25 (expression -> expression INFEG expression .)
    RPAREN          reduce using rule 25 (expression -> expression INFEG expression .)
    COMMA           reduce using rule 25 (expression -> expression INFEG expression .)
    PLUS            shift and go to state 34
    TIMES           shift and go to state 35
    MINUS           shift and go to state 36
    DIVIDE          shift and go to state 37

  ! PLUS            [ reduce using rule 25 (expression -> expression INFEG expression .) ]
  ! TIMES           [ reduce using rule 25 (expression -> expression INFEG expression .) ]
  ! MINUS           [ reduce using rule 25 (expression -> expression INFEG expression .) ]
  ! DIVIDE          [ reduce using rule 25 (expression -> expression INFEG expression .) ]
  ! INF             [ shift and go to state 27 ]
  ! INFEG           [ shift and go to state 28 ]
  ! SUPEG           [ shift and go to state 29 ]
  ! SUP             [ shift and go to state 30 ]
  ! EGALEGAL        [ shift and go to state 31 ]
  ! AND             [ shift and go to state 32 ]
  ! OR              [ shift and go to state 33 ]
  ! NOTEG           [ shift and go to state 38 ]
  ! MODULO          [ shift and go to state 39 ]


state 55

    (26) expression -> expression SUPEG expression .
    (24) expression -> expression . INF expression
    (25) expression -> expression . INFEG expression
    (26) expression -> expression . SUPEG expression
    (27) expression -> expression . SUP expression
    (28) expression -> expression . EGALEGAL expression
    (29) expression -> expression . AND expression
    (30) expression -> expression . OR expression
    (31) expression -> expression . PLUS expression
    (32) expression -> expression . TIMES expression
    (33) expression -> expression . MINUS expression
    (34) expression -> expression . DIVIDE expression
    (35) expression -> expression . NOTEG expression
    (36) expression -> expression . MODULO expression

  ! shift/reduce conflict for INF resolved as shift
  ! shift/reduce conflict for INFEG resolved as shift
  ! shift/reduce conflict for SUPEG resolved as shift
  ! shift/reduce conflict for SUP resolved as shift
  ! shift/reduce conflict for EGALEGAL resolved as shift
  ! shift/reduce conflict for AND resolved as shift
  ! shift/reduce conflict for OR resolved as shift
  ! shift/reduce conflict for PLUS resolved as shift
  ! shift/reduce conflict for TIMES resolved as shift
  ! shift/reduce conflict for MINUS resolved as shift
  ! shift/reduce conflict for DIVIDE resolved as shift
  ! shift/reduce conflict for NOTEG resolved as shift
  ! shift/reduce conflict for MODULO resolved as shift
    SEMI            reduce using rule 26 (expression -> expression SUPEG expression .)
    RPAREN          reduce using rule 26 (expression -> expression SUPEG expression .)
    COMMA           reduce using rule 26 (expression -> expression SUPEG expression .)
    INF             shift and go to state 27
    INFEG           shift and go to state 28
    SUPEG           shift and go to state 29
    SUP             shift and go to state 30
    EGALEGAL        shift and go to state 31
    AND             shift and go to state 32
    OR              shift and go to state 33
    PLUS            shift and go to state 34
    TIMES           shift and go to state 35
    MINUS           shift and go to state 36
    DIVIDE          shift and go to state 37
    NOTEG           shift and go to state 38
    MODULO          shift and go to state 39

  ! INF             [ reduce using rule 26 (expression -> expression SUPEG expression .) ]
  ! INFEG           [ reduce using rule 26 (expression -> expression SUPEG expression .) ]
  ! SUPEG           [ reduce using rule 26 (expression -> expression SUPEG expression .) ]
  ! SUP             [ reduce using rule 26 (expression -> expression SUPEG expression .) ]
  ! EGALEGAL        [ reduce using rule 26 (expression -> expression SUPEG expression .) ]
  ! AND             [ reduce using rule 26 (expression -> expression SUPEG expression .) ]
  ! OR              [ reduce using rule 26 (expression -> expression SUPEG expression .) ]
  ! PLUS            [ reduce using rule 26 (expression -> expression SUPEG expression .) ]
  ! TIMES           [ reduce using rule 26 (expression -> expression SUPEG expression .) ]
  ! MINUS           [ reduce using rule 26 (expression -> expression SUPEG expression .) ]
  ! DIVIDE          [ reduce using rule 26 (expression -> expression SUPEG expression .) ]
  ! NOTEG           [ reduce using rule 26 (expression -> expression SUPEG expression .) ]
  ! MODULO          [ reduce using rule 26 (expression -> expression SUPEG expression .) ]


state 56

    (27) expression -> expression SUP expression .
    (24) expression -> expression . INF expression
    (25) expression -> expression . INFEG expression
    (26) expression -> expression . SUPEG expression
    (27) expression -> expression . SUP expression
    (28) expression -> expression . EGALEGAL expression
    (29) expression -> expression . AND expression
    (30) expression -> expression . OR expression
    (31) expression -> expression . PLUS expression
    (32) expression -> expression . TIMES expression
    (33) expression -> expression . MINUS expression
    (34) expression -> expression . DIVIDE expression
    (35) expression -> expression . NOTEG expression
    (36) expression -> expression . MODULO expression

    INF             reduce using rule 27 (expression -> expression SUP expression .)
    INFEG           reduce using rule 27 (expression -> expression SUP expression .)
    SUPEG           reduce using rule 27 (expression -> expression SUP expression .)
    SUP             reduce using rule 27 (expression -> expression SUP expression .)
    EGALEGAL        reduce using rule 27 (expression -> expression SUP expression .)
    AND             reduce using rule 27 (expression -> expression SUP expression .)
    OR              reduce using rule 27 (expression -> expression SUP expression .)
    NOTEG           reduce using rule 27 (expression -> expression SUP expression .)
    MODULO          reduce using rule 27 (expression -> expression SUP expression .)
    SEMI            reduce using rule 27 (expression -> expression SUP expression .)
    RPAREN          reduce using rule 27 (expression -> expression SUP expression .)
    COMMA           reduce using rule 27 (expression -> expression SUP expression .)
    PLUS            shift and go to state 34
    TIMES           shift and go to state 35
    MINUS           shift and go to state 36
    DIVIDE          shift and go to state 37

  ! PLUS            [ reduce using rule 27 (expression -> expression SUP expression .) ]
  ! TIMES           [ reduce using rule 27 (expression -> expression SUP expression .) ]
  ! MINUS           [ reduce using rule 27 (expression -> expression SUP expression .) ]
  ! DIVIDE          [ reduce using rule 27 (expression -> expression SUP expression .) ]
  ! INF             [ shift and go to state 27 ]
  ! INFEG           [ shift and go to state 28 ]
  ! SUPEG           [ shift and go to state 29 ]
  ! SUP             [ shift and go to state 30 ]
  ! EGALEGAL        [ shift and go to state 31 ]
  ! AND             [ shift and go to state 32 ]
  ! OR              [ shift and go to state 33 ]
  ! NOTEG           [ shift and go to state 38 ]
  ! MODULO          [ shift and go to state 39 ]


state 57

    (28) expression -> expression EGALEGAL expression .
    (24) expression -> expression . INF expression
    (25) expression -> expression . INFEG expression
    (26) expression -> expression . SUPEG expression
    (27) expression -> expression . SUP expression
    (28) expression -> expression . EGALEGAL expression
    (29) expression -> expression . AND expression
    (30) expression -> expression . OR expression
    (31) expression -> expression . PLUS expression
    (32) expression -> expression . TIMES expression
    (33) expression -> expression . MINUS expression
    (34) expression -> expression . DIVIDE expression
    (35) expression -> expression . NOTEG expression
    (36) expression -> expression . MODULO expression

    INF             reduce using rule 28 (expression -> expression EGALEGAL expression .)
    INFEG           reduce using rule 28 (expression -> expression EGALEGAL expression .)
    SUPEG           reduce using rule 28 (expression -> expression EGALEGAL expression .)
    SUP             reduce using rule 28 (expression -> expression EGALEGAL expression .)
    EGALEGAL        reduce using rule 28 (expression -> expression EGALEGAL expression .)
    AND             reduce using rule 28 (expression -> expression EGALEGAL expression .)
    OR              reduce using rule 28 (expression -> expression EGALEGAL expression .)
    NOTEG           reduce using rule 28 (expression -> expression EGALEGAL expression .)
    MODULO          reduce using rule 28 (expression -> expression EGALEGAL expression .)
    SEMI            reduce using rule 28 (expression -> expression EGALEGAL expression .)
    RPAREN          reduce using rule 28 (expression -> expression EGALEGAL expression .)
    COMMA           reduce using rule 28 (expression -> expression EGALEGAL expression .)
    PLUS            shift and go to state 34
    TIMES           shift and go to state 35
    MINUS           shift and go to state 36
    DIVIDE          shift and go to state 37

  ! PLUS            [ reduce using rule 28 (expression -> expression EGALEGAL expression .) ]
  ! TIMES           [ reduce using rule 28 (expression -> expression EGALEGAL expression .) ]
  ! MINUS           [ reduce using rule 28 (expression -> expression EGALEGAL expression .) ]
  ! DIVIDE          [ reduce using rule 28 (expression -> expression EGALEGAL expression .) ]
  ! INF             [ shift and go to state 27 ]
  ! INFEG           [ shift and go to state 28 ]
  ! SUPEG           [ shift and go to state 29 ]
  ! SUP             [ shift and go to state 30 ]
  ! EGALEGAL        [ shift and go to state 31 ]
  ! AND             [ shift and go to state 32 ]
  ! OR              [ shift and go to state 33 ]
  ! NOTEG           [ shift and go to state 38 ]
  ! MODULO          [ shift and go to state 39 ]


state 58

    (29) expression -> expression AND expression .
    (24) expression -> expression . INF expression
    (25) expression -> expression . INFEG expression
    (26) expression -> expression . SUPEG expression
    (27) expression -> expression . SUP expression
    (28) expression -> expression . EGALEGAL expression
    (29) expression -> expression . AND expression
    (30) expression -> expression . OR expression
    (31) expression -> expression . PLUS expression
    (32) expression -> expression . TIMES expression
    (33) expression -> expression . MINUS expression
    (34) expression -> expression . DIVIDE expression
    (35) expression -> expression . NOTEG expression
    (36) expression -> expression . MODULO expression

    SUPEG           reduce using rule 29 (expression -> expression AND expression .)
    AND             reduce using rule 29 (expression -> expression AND expression .)
    OR              reduce using rule 29 (expression -> expression AND expression .)
    NOTEG           reduce using rule 29 (expression -> expression AND expression .)
    MODULO          reduce using rule 29 (expression -> expression AND expression .)
    SEMI            reduce using rule 29 (expression -> expression AND expression .)
    RPAREN          reduce using rule 29 (expression -> expression AND expression .)
    COMMA           reduce using rule 29 (expression -> expression AND expression .)
    INF             shift and go to state 27
    INFEG           shift and go to state 28
    SUP             shift and go to state 30
    EGALEGAL        shift and go to state 31
    PLUS            shift and go to state 34
    TIMES           shift and go to state 35
    MINUS           shift and go to state 36
    DIVIDE          shift and go to state 37

  ! INF             [ reduce using rule 29 (expression -> expression AND expression .) ]
  ! INFEG           [ reduce using rule 29 (expression -> expression AND expression .) ]
  ! SUP             [ reduce using rule 29 (expression -> expression AND expression .) ]
  ! EGALEGAL        [ reduce using rule 29 (expression -> expression AND expression .) ]
  ! PLUS            [ reduce using rule 29 (expression -> expression AND expression .) ]
  ! TIMES           [ reduce using rule 29 (expression -> expression AND expression .) ]
  ! MINUS           [ reduce using rule 29 (expression -> expression AND expression .) ]
  ! DIVIDE          [ reduce using rule 29 (expression -> expression AND expression .) ]
  ! SUPEG           [ shift and go to state 29 ]
  ! AND             [ shift and go to state 32 ]
  ! OR              [ shift and go to state 33 ]
  ! NOTEG           [ shift and go to state 38 ]
  ! MODULO          [ shift and go to state 39 ]


state 59

    (30) expression -> expression OR expression .
    (24) expression -> expression . INF expression
    (25) expression -> expression . INFEG expression
    (26) expression -> expression . SUPEG expression
    (27) expression -> expression . SUP expression
    (28) expression -> expression . EGALEGAL expression
    (29) expression -> expression . AND expression
    (30) expression -> expression . OR expression
    (31) expression -> expression . PLUS expression
    (32) expression -> expression . TIMES expression
    (33) expression -> expression . MINUS expression
    (34) expression -> expression . DIVIDE expression
    (35) expression -> expression . NOTEG expression
    (36) expression -> expression . MODULO expression

    SUPEG           reduce using rule 30 (expression -> expression OR expression .)
    OR              reduce using rule 30 (expression -> expression OR expression .)
    NOTEG           reduce using rule 30 (expression -> expression OR expression .)
    MODULO          reduce using rule 30 (expression -> expression OR expression .)
    SEMI            reduce using rule 30 (expression -> expression OR expression .)
    RPAREN          reduce using rule 30 (expression -> expression OR expression .)
    COMMA           reduce using rule 30 (expression -> expression OR expression .)
    INF             shift and go to state 27
    INFEG           shift and go to state 28
    SUP             shift and go to state 30
    EGALEGAL        shift and go to state 31
    AND             shift and go to state 32
    PLUS            shift and go to state 34
    TIMES           shift and go to state 35
    MINUS           shift and go to state 36
    DIVIDE          shift and go to state 37

  ! INF             [ reduce using rule 30 (expression -> expression OR expression .) ]
  ! INFEG           [ reduce using rule 30 (expression -> expression OR expression .) ]
  ! SUP             [ reduce using rule 30 (expression -> expression OR expression .) ]
  ! EGALEGAL        [ reduce using rule 30 (expression -> expression OR expression .) ]
  ! AND             [ reduce using rule 30 (expression -> expression OR expression .) ]
  ! PLUS            [ reduce using rule 30 (expression -> expression OR expression .) ]
  ! TIMES           [ reduce using rule 30 (expression -> expression OR expression .) ]
  ! MINUS           [ reduce using rule 30 (expression -> expression OR expression .) ]
  ! DIVIDE          [ reduce using rule 30 (expression -> expression OR expression .) ]
  ! SUPEG           [ shift and go to state 29 ]
  ! OR              [ shift and go to state 33 ]
  ! NOTEG           [ shift and go to state 38 ]
  ! MODULO          [ shift and go to state 39 ]


state 60

    (31) expression -> expression PLUS expression .
    (24) expression -> expression . INF expression
    (25) expression -> expression . INFEG expression
    (26) expression -> expression . SUPEG expression
    (27) expression -> expression . SUP expression
    (28) expression -> expression . EGALEGAL expression
    (29) expression -> expression . AND expression
    (30) expression -> expression . OR expression
    (31) expression -> expression . PLUS expression
    (32) expression -> expression . TIMES expression
    (33) expression -> expression . MINUS expression
    (34) expression -> expression . DIVIDE expression
    (35) expression -> expression . NOTEG expression
    (36) expression -> expression . MODULO expression

    INF             reduce using rule 31 (expression -> expression PLUS expression .)
    INFEG           reduce using rule 31 (expression -> expression PLUS expression .)
    SUPEG           reduce using rule 31 (expression -> expression PLUS expression .)
    SUP             reduce using rule 31 (expression -> expression PLUS expression .)
    EGALEGAL        reduce using rule 31 (expression -> expression PLUS expression .)
    AND             reduce using rule 31 (expression -> expression PLUS expression .)
    OR              reduce using rule 31 (expression -> expression PLUS expression .)
    PLUS            reduce using rule 31 (expression -> expression PLUS expression .)
    MINUS           reduce using rule 31 (expression -> expression PLUS expression .)
    NOTEG           reduce using rule 31 (expression -> expression PLUS expression .)
    MODULO          reduce using rule 31 (expression -> expression PLUS expression .)
    SEMI            reduce using rule 31 (expression -> expression PLUS expression .)
    RPAREN          reduce using rule 31 (expression -> expression PLUS expression .)
    COMMA           reduce using rule 31 (expression -> expression PLUS expression .)
    TIMES           shift and go to state 35
    DIVIDE          shift and go to state 37

  ! TIMES           [ reduce using rule 31 (expression -> expression PLUS expression .) ]
  ! DIVIDE          [ reduce using rule 31 (expression -> expression PLUS expression .) ]
  ! INF             [ shift and go to state 27 ]
  ! INFEG           [ shift and go to state 28 ]
  ! SUPEG           [ shift and go to state 29 ]
  ! SUP             [ shift and go to state 30 ]
  ! EGALEGAL        [ shift and go to state 31 ]
  ! AND             [ shift and go to state 32 ]
  ! OR              [ shift and go to state 33 ]
  ! PLUS            [ shift and go to state 34 ]
  ! MINUS           [ shift and go to state 36 ]
  ! NOTEG           [ shift and go to state 38 ]
  ! MODULO          [ shift and go to state 39 ]


state 61

    (32) expression -> expression TIMES expression .
    (24) expression -> expression . INF expression
    (25) expression -> expression . INFEG expression
    (26) expression -> expression . SUPEG expression
    (27) expression -> expression . SUP expression
    (28) expression -> expression . EGALEGAL expression
    (29) expression -> expression . AND expression
    (30) expression -> expression . OR expression
    (31) expression -> expression . PLUS expression
    (32) expression -> expression . TIMES expression
    (33) expression -> expression . MINUS expression
    (34) expression -> expression . DIVIDE expression
    (35) expression -> expression . NOTEG expression
    (36) expression -> expression . MODULO expression

    INF             reduce using rule 32 (expression -> expression TIMES expression .)
    INFEG           reduce using rule 32 (expression -> expression TIMES expression .)
    SUPEG           reduce using rule 32 (expression -> expression TIMES expression .)
    SUP             reduce using rule 32 (expression -> expression TIMES expression .)
    EGALEGAL        reduce using rule 32 (expression -> expression TIMES expression .)
    AND             reduce using rule 32 (expression -> expression TIMES expression .)
    OR              reduce using rule 32 (expression -> expression TIMES expression .)
    PLUS            reduce using rule 32 (expression -> expression TIMES expression .)
    TIMES           reduce using rule 32 (expression -> expression TIMES expression .)
    MINUS           reduce using rule 32 (expression -> expression TIMES expression .)
    DIVIDE          reduce using rule 32 (expression -> expression TIMES expression .)
    NOTEG           reduce using rule 32 (expression -> expression TIMES expression .)
    MODULO          reduce using rule 32 (expression -> expression TIMES expression .)
    SEMI            reduce using rule 32 (expression -> expression TIMES expression .)
    RPAREN          reduce using rule 32 (expression -> expression TIMES expression .)
    COMMA           reduce using rule 32 (expression -> expression TIMES expression .)

  ! INF             [ shift and go to state 27 ]
  ! INFEG           [ shift and go to state 28 ]
  ! SUPEG           [ shift and go to state 29 ]
  ! SUP             [ shift and go to state 30 ]
  ! EGALEGAL        [ shift and go to state 31 ]
  ! AND             [ shift and go to state 32 ]
  ! OR              [ shift and go to state 33 ]
  ! PLUS            [ shift and go to state 34 ]
  ! TIMES           [ shift and go to state 35 ]
  ! MINUS           [ shift and go to state 36 ]
  ! DIVIDE          [ shift and go to state 37 ]
  ! NOTEG           [ shift and go to state 38 ]
  ! MODULO          [ shift and go to state 39 ]


state 62

    (33) expression -> expression MINUS expression .
    (24) expression -> expression . INF expression
    (25) expression -> expression . INFEG expression
    (26) expression -> expression . SUPEG expression
    (27) expression -> expression . SUP expression
    (28) expression -> expression . EGALEGAL expression
    (29) expression -> expression . AND expression
    (30) expression -> expression . OR expression
    (31) expression -> expression . PLUS expression
    (32) expression -> expression . TIMES expression
    (33) expression -> expression . MINUS expression
    (34) expression -> expression . DIVIDE expression
    (35) expression -> expression . NOTEG expression
    (36) expression -> expression . MODULO expression

    INF             reduce using rule 33 (expression -> expression MINUS expression .)
    INFEG           reduce using rule 33 (expression -> expression MINUS expression .)
    SUPEG           reduce using rule 33 (expression -> expression MINUS expression .)
    SUP             reduce using rule 33 (expression -> expression MINUS expression .)
    EGALEGAL        reduce using rule 33 (expression -> expression MINUS expression .)
    AND             reduce using rule 33 (expression -> expression MINUS expression .)
    OR              reduce using rule 33 (expression -> expression MINUS expression .)
    PLUS            reduce using rule 33 (expression -> expression MINUS expression .)
    MINUS           reduce using rule 33 (expression -> expression MINUS expression .)
    NOTEG           reduce using rule 33 (expression -> expression MINUS expression .)
    MODULO          reduce using rule 33 (expression -> expression MINUS expression .)
    SEMI            reduce using rule 33 (expression -> expression MINUS expression .)
    RPAREN          reduce using rule 33 (expression -> expression MINUS expression .)
    COMMA           reduce using rule 33 (expression -> expression MINUS expression .)
    TIMES           shift and go to state 35
    DIVIDE          shift and go to state 37

  ! TIMES           [ reduce using rule 33 (expression -> expression MINUS expression .) ]
  ! DIVIDE          [ reduce using rule 33 (expression -> expression MINUS expression .) ]
  ! INF             [ shift and go to state 27 ]
  ! INFEG           [ shift and go to state 28 ]
  ! SUPEG           [ shift and go to state 29 ]
  ! SUP             [ shift and go to state 30 ]
  ! EGALEGAL        [ shift and go to state 31 ]
  ! AND             [ shift and go to state 32 ]
  ! OR              [ shift and go to state 33 ]
  ! PLUS            [ shift and go to state 34 ]
  ! MINUS           [ shift and go to state 36 ]
  ! NOTEG           [ shift and go to state 38 ]
  ! MODULO          [ shift and go to state 39 ]


state 63

    (34) expression -> expression DIVIDE expression .
    (24) expression -> expression . INF expression
    (25) expression -> expression . INFEG expression
    (26) expression -> expression . SUPEG expression
    (27) expression -> expression . SUP expression
    (28) expression -> expression . EGALEGAL expression
    (29) expression -> expression . AND expression
    (30) expression -> expression . OR expression
    (31) expression -> expression . PLUS expression
    (32) expression -> expression . TIMES expression
    (33) expression -> expression . MINUS expression
    (34) expression -> expression . DIVIDE expression
    (35) expression -> expression . NOTEG expression
    (36) expression -> expression . MODULO expression

    INF             reduce using rule 34 (expression -> expression DIVIDE expression .)
    INFEG           reduce using rule 34 (expression -> expression DIVIDE expression .)
    SUPEG           reduce using rule 34 (expression -> expression DIVIDE expression .)
    SUP             reduce using rule 34 (expression -> expression DIVIDE expression .)
    EGALEGAL        reduce using rule 34 (expression -> expression DIVIDE expression .)
    AND             reduce using rule 34 (expression -> expression DIVIDE expression .)
    OR              reduce using rule 34 (expression -> expression DIVIDE expression .)
    PLUS            reduce using rule 34 (expression -> expression DIVIDE expression .)
    TIMES           reduce using rule 34 (expression -> expression DIVIDE expression .)
    MINUS           reduce using rule 34 (expression -> expression DIVIDE expression .)
    DIVIDE          reduce using rule 34 (expression -> expression DIVIDE expression .)
    NOTEG           reduce using rule 34 (expression -> expression DIVIDE expression .)
    MODULO          reduce using rule 34 (expression -> expression DIVIDE expression .)
    SEMI            reduce using rule 34 (expression -> expression DIVIDE expression .)
    RPAREN          reduce using rule 34 (expression -> expression DIVIDE expression .)
    COMMA           reduce using rule 34 (expression -> expression DIVIDE expression .)

  ! INF             [ shift and go to state 27 ]
  ! INFEG           [ shift and go to state 28 ]
  ! SUPEG           [ shift and go to state 29 ]
  ! SUP             [ shift and go to state 30 ]
  ! EGALEGAL        [ shift and go to state 31 ]
  ! AND             [ shift and go to state 32 ]
  ! OR              [ shift and go to state 33 ]
  ! PLUS            [ shift and go to state 34 ]
  ! TIMES           [ shift and go to state 35 ]
  ! MINUS           [ shift and go to state 36 ]
  ! DIVIDE          [ shift and go to state 37 ]
  ! NOTEG           [ shift and go to state 38 ]
  ! MODULO          [ shift and go to state 39 ]


state 64

    (35) expression -> expression NOTEG expression .
    (24) expression -> expression . INF expression
    (25) expression -> expression . INFEG expression
    (26) expression -> expression . SUPEG expression
    (27) expression -> expression . SUP expression
    (28) expression -> expression . EGALEGAL expression
    (29) expression -> expression . AND expression
    (30) expression -> expression . OR expression
    (31) expression -> expression . PLUS expression
    (32) expression -> expression . TIMES expression
    (33) expression -> expression . MINUS expression
    (34) expression -> expression . DIVIDE expression
    (35) expression -> expression . NOTEG expression
    (36) expression -> expression . MODULO expression

  ! shift/reduce conflict for INF resolved as shift
  ! shift/reduce conflict for INFEG resolved as shift
  ! shift/reduce conflict for SUPEG resolved as shift
  ! shift/reduce conflict for SUP resolved as shift
  ! shift/reduce conflict for EGALEGAL resolved as shift
  ! shift/reduce conflict for AND resolved as shift
  ! shift/reduce conflict for OR resolved as shift
  ! shift/reduce conflict for PLUS resolved as shift
  ! shift/reduce conflict for TIMES resolved as shift
  ! shift/reduce conflict for MINUS resolved as shift
  ! shift/reduce conflict for DIVIDE resolved as shift
  ! shift/reduce conflict for NOTEG resolved as shift
  ! shift/reduce conflict for MODULO resolved as shift
    SEMI            reduce using rule 35 (expression -> expression NOTEG expression .)
    RPAREN          reduce using rule 35 (expression -> expression NOTEG expression .)
    COMMA           reduce using rule 35 (expression -> expression NOTEG expression .)
    INF             shift and go to state 27
    INFEG           shift and go to state 28
    SUPEG           shift and go to state 29
    SUP             shift and go to state 30
    EGALEGAL        shift and go to state 31
    AND             shift and go to state 32
    OR              shift and go to state 33
    PLUS            shift and go to state 34
    TIMES           shift and go to state 35
    MINUS           shift and go to state 36
    DIVIDE          shift and go to state 37
    NOTEG           shift and go to state 38
    MODULO          shift and go to state 39

  ! INF             [ reduce using rule 35 (expression -> expression NOTEG expression .) ]
  ! INFEG           [ reduce using rule 35 (expression -> expression NOTEG expression .) ]
  ! SUPEG           [ reduce using rule 35 (expression -> expression NOTEG expression .) ]
  ! SUP             [ reduce using rule 35 (expression -> expression NOTEG expression .) ]
  ! EGALEGAL        [ reduce using rule 35 (expression -> expression NOTEG expression .) ]
  ! AND             [ reduce using rule 35 (expression -> expression NOTEG expression .) ]
  ! OR              [ reduce using rule 35 (expression -> expression NOTEG expression .) ]
  ! PLUS            [ reduce using rule 35 (expression -> expression NOTEG expression .) ]
  ! TIMES           [ reduce using rule 35 (expression -> expression NOTEG expression .) ]
  ! MINUS           [ reduce using rule 35 (expression -> expression NOTEG expression .) ]
  ! DIVIDE          [ reduce using rule 35 (expression -> expression NOTEG expression .) ]
  ! NOTEG           [ reduce using rule 35 (expression -> expression NOTEG expression .) ]
  ! MODULO          [ reduce using rule 35 (expression -> expression NOTEG expression .) ]


state 65

    (36) expression -> expression MODULO expression .
    (24) expression -> expression . INF expression
    (25) expression -> expression . INFEG expression
    (26) expression -> expression . SUPEG expression
    (27) expression -> expression . SUP expression
    (28) expression -> expression . EGALEGAL expression
    (29) expression -> expression . AND expression
    (30) expression -> expression . OR expression
    (31) expression -> expression . PLUS expression
    (32) expression -> expression . TIMES expression
    (33) expression -> expression . MINUS expression
    (34) expression -> expression . DIVIDE expression
    (35) expression -> expression . NOTEG expression
    (36) expression -> expression . MODULO expression

  ! shift/reduce conflict for INF resolved as shift
  ! shift/reduce conflict for INFEG resolved as shift
  ! shift/reduce conflict for SUPEG resolved as shift
  ! shift/reduce conflict for SUP resolved as shift
  ! shift/reduce conflict for EGALEGAL resolved as shift
  ! shift/reduce conflict for AND resolved as shift
  ! shift/reduce conflict for OR resolved as shift
  ! shift/reduce conflict for PLUS resolved as shift
  ! shift/reduce conflict for TIMES resolved as shift
  ! shift/reduce conflict for MINUS resolved as shift
  ! shift/reduce conflict for DIVIDE resolved as shift
  ! shift/reduce conflict for NOTEG resolved as shift
  ! shift/reduce conflict for MODULO resolved as shift
    SEMI            reduce using rule 36 (expression -> expression MODULO expression .)
    RPAREN          reduce using rule 36 (expression -> expression MODULO expression .)
    COMMA           reduce using rule 36 (expression -> expression MODULO expression .)
    INF             shift and go to state 27
    INFEG           shift and go to state 28
    SUPEG           shift and go to state 29
    SUP             shift and go to state 30
    EGALEGAL        shift and go to state 31
    AND             shift and go to state 32
    OR              shift and go to state 33
    PLUS            shift and go to state 34
    TIMES           shift and go to state 35
    MINUS           shift and go to state 36
    DIVIDE          shift and go to state 37
    NOTEG           shift and go to state 38
    MODULO          shift and go to state 39

  ! INF             [ reduce using rule 36 (expression -> expression MODULO expression .) ]
  ! INFEG           [ reduce using rule 36 (expression -> expression MODULO expression .) ]
  ! SUPEG           [ reduce using rule 36 (expression -> expression MODULO expression .) ]
  ! SUP             [ reduce using rule 36 (expression -> expression MODULO expression .) ]
  ! EGALEGAL        [ reduce using rule 36 (expression -> expression MODULO expression .) ]
  ! AND             [ reduce using rule 36 (expression -> expression MODULO expression .) ]
  ! OR              [ reduce using rule 36 (expression -> expression MODULO expression .) ]
  ! PLUS            [ reduce using rule 36 (expression -> expression MODULO expression .) ]
  ! TIMES           [ reduce using rule 36 (expression -> expression MODULO expression .) ]
  ! MINUS           [ reduce using rule 36 (expression -> expression MODULO expression .) ]
  ! DIVIDE          [ reduce using rule 36 (expression -> expression MODULO expression .) ]
  ! NOTEG           [ reduce using rule 36 (expression -> expression MODULO expression .) ]
  ! MODULO          [ reduce using rule 36 (expression -> expression MODULO expression .) ]


state 66

    (15) statement -> WHILE LPAREN expression . RPAREN LACC bloc RACC
    (24) expression -> expression . INF expression
    (25) expression -> expression . INFEG expression
    (26) expression -> expression . SUPEG expression
    (27) expression -> expression . SUP expression
    (28) expression -> expression . EGALEGAL expression
    (29) expression -> expression . AND expression
    (30) expression -> expression . OR expression
    (31) expression -> expression . PLUS expression
    (32) expression -> expression . TIMES expression
    (33) expression -> expression . MINUS expression
    (34) expression -> expression . DIVIDE expression
    (35) expression -> expression . NOTEG expression
    (36) expression -> expression . MODULO expression

    RPAREN          shift and go to state 75
    INF             shift and go to state 27
    INFEG           shift and go to state 28
    SUPEG           shift and go to state 29
    SUP             shift and go to state 30
    EGALEGAL        shift and go to state 31
    AND             shift and go to state 32
    OR              shift and go to state 33
    PLUS            shift and go to state 34
    TIMES           shift and go to state 35
    MINUS           shift and go to state 36
    DIVIDE          shift and go to state 37
    NOTEG           shift and go to state 38
    MODULO          shift and go to state 39


state 67

    (16) statement -> FOR LPAREN statement . SEMI expression SEMI statement RPAREN LACC bloc RACC

    SEMI            shift and go to state 76


state 68

    (17) statement -> PRINT LPAREN expression . RPAREN
    (24) expression -> expression . INF expression
    (25) expression -> expression . INFEG expression
    (26) expression -> expression . SUPEG expression
    (27) expression -> expression . SUP expression
    (28) expression -> expression . EGALEGAL expression
    (29) expression -> expression . AND expression
    (30) expression -> expression . OR expression
    (31) expression -> expression . PLUS expression
    (32) expression -> expression . TIMES expression
    (33) expression -> expression . MINUS expression
    (34) expression -> expression . DIVIDE expression
    (35) expression -> expression . NOTEG expression
    (36) expression -> expression . MODULO expression

    RPAREN          shift and go to state 77
    INF             shift and go to state 27
    INFEG           shift and go to state 28
    SUPEG           shift and go to state 29
    SUP             shift and go to state 30
    EGALEGAL        shift and go to state 31
    AND             shift and go to state 32
    OR              shift and go to state 33
    PLUS            shift and go to state 34
    TIMES           shift and go to state 35
    MINUS           shift and go to state 36
    DIVIDE          shift and go to state 37
    NOTEG           shift and go to state 38
    MODULO          shift and go to state 39


state 69

    (18) statement -> NAME EGAL expression .
    (24) expression -> expression . INF expression
    (25) expression -> expression . INFEG expression
    (26) expression -> expression . SUPEG expression
    (27) expression -> expression . SUP expression
    (28) expression -> expression . EGALEGAL expression
    (29) expression -> expression . AND expression
    (30) expression -> expression . OR expression
    (31) expression -> expression . PLUS expression
    (32) expression -> expression . TIMES expression
    (33) expression -> expression . MINUS expression
    (34) expression -> expression . DIVIDE expression
    (35) expression -> expression . NOTEG expression
    (36) expression -> expression . MODULO expression

    SEMI            reduce using rule 18 (statement -> NAME EGAL expression .)
    RPAREN          reduce using rule 18 (statement -> NAME EGAL expression .)
    INF             shift and go to state 27
    INFEG           shift and go to state 28
    SUPEG           shift and go to state 29
    SUP             shift and go to state 30
    EGALEGAL        shift and go to state 31
    AND             shift and go to state 32
    OR              shift and go to state 33
    PLUS            shift and go to state 34
    TIMES           shift and go to state 35
    MINUS           shift and go to state 36
    DIVIDE          shift and go to state 37
    NOTEG           shift and go to state 38
    MODULO          shift and go to state 39


state 70

    (37) expression -> NAME LPAREN args . RPAREN

    RPAREN          shift and go to state 78


state 71

    (39) args -> expression .
    (40) args -> expression . COMMA args
    (24) expression -> expression . INF expression
    (25) expression -> expression . INFEG expression
    (26) expression -> expression . SUPEG expression
    (27) expression -> expression . SUP expression
    (28) expression -> expression . EGALEGAL expression
    (29) expression -> expression . AND expression
    (30) expression -> expression . OR expression
    (31) expression -> expression . PLUS expression
    (32) expression -> expression . TIMES expression
    (33) expression -> expression . MINUS expression
    (34) expression -> expression . DIVIDE expression
    (35) expression -> expression . NOTEG expression
    (36) expression -> expression . MODULO expression

    RPAREN          reduce using rule 39 (args -> expression .)
    COMMA           shift and go to state 79
    INF             shift and go to state 27
    INFEG           shift and go to state 28
    SUPEG           shift and go to state 29
    SUP             shift and go to state 30
    EGALEGAL        shift and go to state 31
    AND             shift and go to state 32
    OR              shift and go to state 33
    PLUS            shift and go to state 34
    TIMES           shift and go to state 35
    MINUS           shift and go to state 36
    DIVIDE          shift and go to state 37
    NOTEG           shift and go to state 38
    MODULO          shift and go to state 39


state 72

    (19) statement -> TIMES NAME EGAL . expression
    (23) expression -> . REF NAME
    (24) expression -> . expression INF expression
    (25) expression -> . expression INFEG expression
    (26) expression -> . expression SUPEG expression
    (27) expression -> . expression SUP expression
    (28) expression -> . expression EGALEGAL expression
    (29) expression -> . expression AND expression
    (30) expression -> . expression OR expression
    (31) expression -> . expression PLUS expression
    (32) expression -> . expression TIMES expression
    (33) expression -> . expression MINUS expression
    (34) expression -> . expression DIVIDE expression
    (35) expression -> . expression NOTEG expression
    (36) expression -> . expression MODULO expression
    (37) expression -> . NAME LPAREN args RPAREN
    (41) expression -> . LPAREN expression RPAREN
    (42) expression -> . NUMBER
    (43) expression -> . FLOAT
    (44) expression -> . STRING
    (45) expression -> . TRUE
    (46) expression -> . FALSE
    (47) expression -> . NAME
    (48) expression -> . TIMES NAME

    REF             shift and go to state 15
    NAME            shift and go to state 25
    LPAREN          shift and go to state 5
    NUMBER          shift and go to state 16
    FLOAT           shift and go to state 17
    STRING          shift and go to state 18
    TRUE            shift and go to state 19
    FALSE           shift and go to state 20
    TIMES           shift and go to state 26

    expression                     shift and go to state 80

state 73

    (20) statement -> DEF NAME LPAREN . params RPAREN LACC bloc RACC
    (7) params -> .
    (8) params -> . param
    (9) params -> . param COMMA params
    (5) param -> . NAME
    (6) param -> . TIMES NAME

    RPAREN          reduce using rule 7 (params -> .)
    NAME            shift and go to state 81
    TIMES           shift and go to state 84

    params                         shift and go to state 82
    param                          shift and go to state 83

state 74

    (14) statement -> IF LPAREN expression RPAREN . LACC bloc RACC elif_list else_opt

    LACC            shift and go to state 85


state 75

    (15) statement -> WHILE LPAREN expression RPAREN . LACC bloc RACC

    LACC            shift and go to state 86


state 76

    (16) statement -> FOR LPAREN statement SEMI . expression SEMI statement RPAREN LACC bloc RACC
    (23) expression -> . REF NAME
    (24) expression -> . expression INF expression
    (25) expression -> . expression INFEG expression
    (26) expression -> . expression SUPEG expression
    (27) expression -> . expression SUP expression
    (28) expression -> . expression EGALEGAL expression
    (29) expression -> . expression AND expression
    (30) expression -> . expression OR expression
    (31) expression -> . expression PLUS expression
    (32) expression -> . expression TIMES expression
    (33) expression -> . expression MINUS expression
    (34) expression -> . expression DIVIDE expression
    (35) expression -> . expression NOTEG expression
    (36) expression -> . expression MODULO expression
    (37) expression -> . NAME LPAREN args RPAREN
    (41) expression -> . LPAREN expression RPAREN
    (42) expression -> . NUMBER
    (43) expression -> . FLOAT
    (44) expression -> . STRING
    (45) expression -> . TRUE
    (46) expression -> . FALSE
    (47) expression -> . NAME
    (48) expression -> . TIMES NAME

    REF             shift and go to state 15
    NAME            shift and go to state 25
    LPAREN          shift and go to state 5
    NUMBER          shift and go to state 16
    FLOAT           shift and go to state 17
    STRING          shift and go to state 18
    TRUE            shift and go to state 19
    FALSE           shift and go to state 20
    TIMES           shift and go to state 26

    expression                     shift and go to state 87

state 77

    (17) statement -> PRINT LPAREN expression RPAREN .

    SEMI            reduce using rule 17 (statement -> PRINT LPAREN expression RPAREN .)
    RPAREN          reduce using rule 17 (statement -> PRINT LPAREN expression RPAREN .)


state 78

    (37) expression -> NAME LPAREN args RPAREN .

    INF             reduce using rule 37 (expression -> NAME LPAREN args RPAREN .)
    INFEG           reduce using rule 37 (expression -> NAME LPAREN args RPAREN .)
    SUPEG           reduce using rule 37 (expression -> NAME LPAREN args RPAREN .)
    SUP             reduce using rule 37 (expression -> NAME LPAREN args RPAREN .)
    EGALEGAL        reduce using rule 37 (expression -> NAME LPAREN args RPAREN .)
    AND             reduce using rule 37 (expression -> NAME LPAREN args RPAREN .)
    OR              reduce using rule 37 (expression -> NAME LPAREN args RPAREN .)
    PLUS            reduce using rule 37 (expression -> NAME LPAREN args RPAREN .)
    TIMES           reduce using rule 37 (expression -> NAME LPAREN args RPAREN .)
    MINUS           reduce using rule 37 (expression -> NAME LPAREN args RPAREN .)
    DIVIDE          reduce using rule 37 (expression -> NAME LPAREN args RPAREN .)
    NOTEG           reduce using rule 37 (expression -> NAME LPAREN args RPAREN .)
    MODULO          reduce using rule 37 (expression -> NAME LPAREN args RPAREN .)
    SEMI            reduce using rule 37 (expression -> NAME LPAREN args RPAREN .)
    RPAREN          reduce using rule 37 (expression -> NAME LPAREN args RPAREN .)
    COMMA           reduce using rule 37 (expression -> NAME LPAREN args RPAREN .)


state 79

    (40) args -> expression COMMA . args
    (38) args -> .
    (39) args -> . expression
    (40) args -> . expression COMMA args
    (23) expression -> . REF NAME
    (24) expression -> . expression INF expression
    (25) expression -> . expression INFEG expression
    (26) expression -> . expression SUPEG expression
    (27) expression -> . expression SUP expression
    (28) expression -> . expression EGALEGAL expression
    (29) expression -> . expression AND expression
    (30) expression -> . expression OR expression
    (31) expression -> . expression PLUS expression
    (32) expression -> . expression TIMES expression
    (33) expression -> . expression MINUS expression
    (34) expression -> . expression DIVIDE expression
    (35) expression -> . expression NOTEG expression
    (36) expression -> . expression MODULO expression
    (37) expression -> . NAME LPAREN args RPAREN
    (41) expression -> . LPAREN expression RPAREN
    (42) expression -> . NUMBER
    (43) expression -> . FLOAT
    (44) expression -> . STRING
    (45) expression -> . TRUE
    (46) expression -> . FALSE
    (47) expression -> . NAME
    (48) expression -> . TIMES NAME

    RPAREN          reduce using rule 38 (args -> .)
    REF             shift and go to state 15
    NAME            shift and go to state 25
    LPAREN          shift and go to state 5
    NUMBER          shift and go to state 16
    FLOAT           shift and go to state 17
    STRING          shift and go to state 18
    TRUE            shift and go to state 19
    FALSE           shift and go to state 20
    TIMES           shift and go to state 26

    expression                     shift and go to state 71
    args                           shift and go to state 88

state 80

    (19) statement -> TIMES NAME EGAL expression .
    (24) expression -> expression . INF expression
    (25) expression -> expression . INFEG expression
    (26) expression -> expression . SUPEG expression
    (27) expression -> expression . SUP expression
    (28) expression -> expression . EGALEGAL expression
    (29) expression -> expression . AND expression
    (30) expression -> expression . OR expression
    (31) expression -> expression . PLUS expression
    (32) expression -> expression . TIMES expression
    (33) expression -> expression . MINUS expression
    (34) expression -> expression . DIVIDE expression
    (35) expression -> expression . NOTEG expression
    (36) expression -> expression . MODULO expression

    SEMI            reduce using rule 19 (statement -> TIMES NAME EGAL expression .)
    RPAREN          reduce using rule 19 (statement -> TIMES NAME EGAL expression .)
    INF             shift and go to state 27
    INFEG           shift and go to state 28
    SUPEG           shift and go to state 29
    SUP             shift and go to state 30
    EGALEGAL        shift and go to state 31
    AND             shift and go to state 32
    OR              shift and go to state 33
    PLUS            shift and go to state 34
    TIMES           shift and go to state 35
    MINUS           shift and go to state 36
    DIVIDE          shift and go to state 37
    NOTEG           shift and go to state 38
    MODULO          shift and go to state 39


state 81

    (5) param -> NAME .

    COMMA           reduce using rule 5 (param -> NAME .)
    RPAREN          reduce using rule 5 (param -> NAME .)


state 82

    (20) statement -> DEF NAME LPAREN params . RPAREN LACC bloc RACC

    RPAREN          shift and go to state 89


state 83

    (8) params -> param .
    (9) params -> param . COMMA params

    RPAREN          reduce using rule 8 (params -> param .)
    COMMA           shift and go to state 90


state 84

    (6) param -> TIMES . NAME

    NAME            shift and go to state 91


state 85

    (14) statement -> IF LPAREN expression RPAREN LACC . bloc RACC elif_list else_opt
    (3) bloc -> . bloc statement SEMI
    (4) bloc -> . statement SEMI
    (14) statement -> . IF LPAREN expression RPAREN LACC bloc RACC elif_list else_opt
    (15) statement -> . WHILE LPAREN expression RPAREN LACC bloc RACC
    (16) statement -> . FOR LPAREN statement SEMI expression SEMI statement RPAREN LACC bloc RACC
    (17) statement -> . PRINT LPAREN expression RPAREN
    (18) statement -> . NAME EGAL expression
    (19) statement -> . TIMES NAME EGAL expression
    (20) statement -> . DEF NAME LPAREN params RPAREN LACC bloc RACC
    (21) statement -> . RETURN expression
    (22) statement -> . expression
    (49) statement -> . ELSE
    (23) expression -> . REF NAME
    (24) expression -> . expression INF expression
    (25) expression -> . expression INFEG expression
    (26) expression -> . expression SUPEG expression
    (27) expression -> . expression SUP expression
    (28) expression -> . expression EGALEGAL expression
    (29) expression -> . expression AND expression
    (30) expression -> . expression OR expression
    (31) expression -> . expression PLUS expression
    (32) expression -> . expression TIMES expression
    (33) expression -> . expression MINUS expression
    (34) expression -> . expression DIVIDE expression
    (35) expression -> . expression NOTEG expression
    (36) expression -> . expression MODULO expression
    (37) expression -> . NAME LPAREN args RPAREN
    (41) expression -> . LPAREN expression RPAREN
    (42) expression -> . NUMBER
    (43) expression -> . FLOAT
    (44) expression -> . STRING
    (45) expression -> . TRUE
    (46) expression -> . FALSE
    (47) expression -> . NAME
    (48) expression -> . TIMES NAME

    IF              shift and go to state 4
    WHILE           shift and go to state 7
    FOR             shift and go to state 8
    PRINT           shift and go to state 9
    NAME            shift and go to state 10
    TIMES           shift and go to state 11
    DEF             shift and go to state 12
    RETURN          shift and go to state 13
    ELSE            shift and go to state 14
    REF             shift and go to state 15
    LPAREN          shift and go to state 5
    NUMBER          shift and go to state 16
    FLOAT           shift and go to state 17
    STRING          shift and go to state 18
    TRUE            shift and go to state 19
    FALSE           shift and go to state 20

    expression                     shift and go to state 6
    bloc                           shift and go to state 92
    statement                      shift and go to state 3

state 86

    (15) statement -> WHILE LPAREN expression RPAREN LACC . bloc RACC
    (3) bloc -> . bloc statement SEMI
    (4) bloc -> . statement SEMI
    (14) statement -> . IF LPAREN expression RPAREN LACC bloc RACC elif_list else_opt
    (15) statement -> . WHILE LPAREN expression RPAREN LACC bloc RACC
    (16) statement -> . FOR LPAREN statement SEMI expression SEMI statement RPAREN LACC bloc RACC
    (17) statement -> . PRINT LPAREN expression RPAREN
    (18) statement -> . NAME EGAL expression
    (19) statement -> . TIMES NAME EGAL expression
    (20) statement -> . DEF NAME LPAREN params RPAREN LACC bloc RACC
    (21) statement -> . RETURN expression
    (22) statement -> . expression
    (49) statement -> . ELSE
    (23) expression -> . REF NAME
    (24) expression -> . expression INF expression
    (25) expression -> . expression INFEG expression
    (26) expression -> . expression SUPEG expression
    (27) expression -> . expression SUP expression
    (28) expression -> . expression EGALEGAL expression
    (29) expression -> . expression AND expression
    (30) expression -> . expression OR expression
    (31) expression -> . expression PLUS expression
    (32) expression -> . expression TIMES expression
    (33) expression -> . expression MINUS expression
    (34) expression -> . expression DIVIDE expression
    (35) expression -> . expression NOTEG expression
    (36) expression -> . expression MODULO expression
    (37) expression -> . NAME LPAREN args RPAREN
    (41) expression -> . LPAREN expression RPAREN
    (42) expression -> . NUMBER
    (43) expression -> . FLOAT
    (44) expression -> . STRING
    (45) expression -> . TRUE
    (46) expression -> . FALSE
    (47) expression -> . NAME
    (48) expression -> . TIMES NAME

    IF              shift and go to state 4
    WHILE           shift and go to state 7
    FOR             shift and go to state 8
    PRINT           shift and go to state 9
    NAME            shift and go to state 10
    TIMES           shift and go to state 11
    DEF             shift and go to state 12
    RETURN          shift and go to state 13
    ELSE            shift and go to state 14
    REF             shift and go to state 15
    LPAREN          shift and go to state 5
    NUMBER          shift and go to state 16
    FLOAT           shift and go to state 17
    STRING          shift and go to state 18
    TRUE            shift and go to state 19
    FALSE           shift and go to state 20

    expression                     shift and go to state 6
    bloc                           shift and go to state 93
    statement                      shift and go to state 3

state 87

    (16) statement -> FOR LPAREN statement SEMI expression . SEMI statement RPAREN LACC bloc RACC
    (24) expression -> expression . INF expression
    (25) expression -> expression . INFEG expression
    (26) expression -> expression . SUPEG expression
    (27) expression -> expression . SUP expression
    (28) expression -> expression . EGALEGAL expression
    (29) expression -> expression . AND expression
    (30) expression -> expression . OR expression
    (31) expression -> expression . PLUS expression
    (32) expression -> expression . TIMES expression
    (33) expression -> expression . MINUS expression
    (34) expression -> expression . DIVIDE expression
    (35) expression -> expression . NOTEG expression
    (36) expression -> expression . MODULO expression

    SEMI            shift and go to state 94
    INF             shift and go to state 27
    INFEG           shift and go to state 28
    SUPEG           shift and go to state 29
    SUP             shift and go to state 30
    EGALEGAL        shift and go to state 31
    AND             shift and go to state 32
    OR              shift and go to state 33
    PLUS            shift and go to state 34
    TIMES           shift and go to state 35
    MINUS           shift and go to state 36
    DIVIDE          shift and go to state 37
    NOTEG           shift and go to state 38
    MODULO          shift and go to state 39


state 88

    (40) args -> expression COMMA args .

    RPAREN          reduce using rule 40 (args -> expression COMMA args .)


state 89

    (20) statement -> DEF NAME LPAREN params RPAREN . LACC bloc RACC

    LACC            shift and go to state 95


state 90

    (9) params -> param COMMA . params
    (7) params -> .
    (8) params -> . param
    (9) params -> . param COMMA params
    (5) param -> . NAME
    (6) param -> . TIMES NAME

    RPAREN          reduce using rule 7 (params -> .)
    NAME            shift and go to state 81
    TIMES           shift and go to state 84

    param                          shift and go to state 83
    params                         shift and go to state 96

state 91

    (6) param -> TIMES NAME .

    COMMA           reduce using rule 6 (param -> TIMES NAME .)
    RPAREN          reduce using rule 6 (param -> TIMES NAME .)


state 92

    (14) statement -> IF LPAREN expression RPAREN LACC bloc . RACC elif_list else_opt
    (3) bloc -> bloc . statement SEMI
    (14) statement -> . IF LPAREN expression RPAREN LACC bloc RACC elif_list else_opt
    (15) statement -> . WHILE LPAREN expression RPAREN LACC bloc RACC
    (16) statement -> . FOR LPAREN statement SEMI expression SEMI statement RPAREN LACC bloc RACC
    (17) statement -> . PRINT LPAREN expression RPAREN
    (18) statement -> . NAME EGAL expression
    (19) statement -> . TIMES NAME EGAL expression
    (20) statement -> . DEF NAME LPAREN params RPAREN LACC bloc RACC
    (21) statement -> . RETURN expression
    (22) statement -> . expression
    (49) statement -> . ELSE
    (23) expression -> . REF NAME
    (24) expression -> . expression INF expression
    (25) expression -> . expression INFEG expression
    (26) expression -> . expression SUPEG expression
    (27) expression -> . expression SUP expression
    (28) expression -> . expression EGALEGAL expression
    (29) expression -> . expression AND expression
    (30) expression -> . expression OR expression
    (31) expression -> . expression PLUS expression
    (32) expression -> . expression TIMES expression
    (33) expression -> . expression MINUS expression
    (34) expression -> . expression DIVIDE expression
    (35) expression -> . expression NOTEG expression
    (36) expression -> . expression MODULO expression
    (37) expression -> . NAME LPAREN args RPAREN
    (41) expression -> . LPAREN expression RPAREN
    (42) expression -> . NUMBER
    (43) expression -> . FLOAT
    (44) expression -> . STRING
    (45) expression -> . TRUE
    (46) expression -> . FALSE
    (47) expression -> . NAME
    (48) expression -> . TIMES NAME

    RACC            shift and go to state 97
    IF              shift and go to state 4
    WHILE           shift and go to state 7
    FOR             shift and go to state 8
    PRINT           shift and go to state 9
    NAME            shift and go to state 10
    TIMES           shift and go to state 11
    DEF             shift and go to state 12
    RETURN          shift and go to state 13
    ELSE            shift and go to state 14
    REF             shift and go to state 15
    LPAREN          shift and go to state 5
    NUMBER          shift and go to state 16
    FLOAT           shift and go to state 17
    STRING          shift and go to state 18
    TRUE            shift and go to state 19
    FALSE           shift and go to state 20

    expression                     shift and go to state 6
    statement                      shift and go to state 21

state 93

    (15) statement -> WHILE LPAREN expression RPAREN LACC bloc . RACC
    (3) bloc -> bloc . statement SEMI
    (14) statement -> . IF LPAREN expression RPAREN LACC bloc RACC elif_list else_opt
    (15) statement -> . WHILE LPAREN expression RPAREN LACC bloc RACC
    (16) statement -> . FOR LPAREN statement SEMI expression SEMI statement RPAREN LACC bloc RACC
    (17) statement -> . PRINT LPAREN expression RPAREN
    (18) statement -> . NAME EGAL expression
    (19) statement -> . TIMES NAME EGAL expression
    (20) statement -> . DEF NAME LPAREN params RPAREN LACC bloc RACC
    (21) statement -> . RETURN expression
    (22) statement -> . expression
    (49) statement -> . ELSE
    (23) expression -> . REF NAME
    (24) expression -> . expression INF expression
    (25) expression -> . expression INFEG expression
    (26) expression -> . expression SUPEG expression
    (27) expression -> . expression SUP expression
    (28) expression -> . expression EGALEGAL expression
    (29) expression -> . expression AND expression
    (30) expression -> . expression OR expression
    (31) expression -> . expression PLUS expression
    (32) expression -> . expression TIMES expression
    (33) expression -> . expression MINUS expression
    (34) expression -> . expression DIVIDE expression
    (35) expression -> . expression NOTEG expression
    (36) expression -> . expression MODULO expression
    (37) expression -> . NAME LPAREN args RPAREN
    (41) expression -> . LPAREN expression RPAREN
    (42) expression -> . NUMBER
    (43) expression -> . FLOAT
    (44) expression -> . STRING
    (45) expression -> . TRUE
    (46) expression -> . FALSE
    (47) expression -> . NAME
    (48) expression -> . TIMES NAME

    RACC            shift and go to state 98
    IF              shift and go to state 4
    WHILE           shift and go to state 7
    FOR             shift and go to state 8
    PRINT           shift and go to state 9
    NAME            shift and go to state 10
    TIMES           shift and go to state 11
    DEF             shift and go to state 12
    RETURN          shift and go to state 13
    ELSE            shift and go to state 14
    REF             shift and go to state 15
    LPAREN          shift and go to state 5
    NUMBER          shift and go to state 16
    FLOAT           shift and go to state 17
    STRING          shift and go to state 18
    TRUE            shift and go to state 19
    FALSE           shift and go to state 20

    expression                     shift and go to state 6
    statement                      shift and go to state 21

state 94

    (16) statement -> FOR LPAREN statement SEMI expression SEMI . statement RPAREN LACC bloc RACC
    (14) statement -> . IF LPAREN expression RPAREN LACC bloc RACC elif_list else_opt
    (15) statement -> . WHILE LPAREN expression RPAREN LACC bloc RACC
    (16) statement -> . FOR LPAREN statement SEMI expression SEMI statement RPAREN LACC bloc RACC
    (17) statement -> . PRINT LPAREN expression RPAREN
    (18) statement -> . NAME EGAL expression
    (19) statement -> . TIMES NAME EGAL expression
    (20) statement -> . DEF NAME LPAREN params RPAREN LACC bloc RACC
    (21) statement -> . RETURN expression
    (22) statement -> . expression
    (49) statement -> . ELSE
    (23) expression -> . REF NAME
    (24) expression -> . expression INF expression
    (25) expression -> . expression INFEG expression
    (26) expression -> . expression SUPEG expression
    (27) expression -> . expression SUP expression
    (28) expression -> . expression EGALEGAL expression
    (29) expression -> . expression AND expression
    (30) expression -> . expression OR expression
    (31) expression -> . expression PLUS expression
    (32) expression -> . expression TIMES expression
    (33) expression -> . expression MINUS expression
    (34) expression -> . expression DIVIDE expression
    (35) expression -> . expression NOTEG expression
    (36) expression -> . expression MODULO expression
    (37) expression -> . NAME LPAREN args RPAREN
    (41) expression -> . LPAREN expression RPAREN
    (42) expression -> . NUMBER
    (43) expression -> . FLOAT
    (44) expression -> . STRING
    (45) expression -> . TRUE
    (46) expression -> . FALSE
    (47) expression -> . NAME
    (48) expression -> . TIMES NAME

    IF              shift and go to state 4
    WHILE           shift and go to state 7
    FOR             shift and go to state 8
    PRINT           shift and go to state 9
    NAME            shift and go to state 10
    TIMES           shift and go to state 11
    DEF             shift and go to state 12
    RETURN          shift and go to state 13
    ELSE            shift and go to state 14
    REF             shift and go to state 15
    LPAREN          shift and go to state 5
    NUMBER          shift and go to state 16
    FLOAT           shift and go to state 17
    STRING          shift and go to state 18
    TRUE            shift and go to state 19
    FALSE           shift and go to state 20

    statement                      shift and go to state 99
    expression                     shift and go to state 6

state 95

    (20) statement -> DEF NAME LPAREN params RPAREN LACC . bloc RACC
    (3) bloc -> . bloc statement SEMI
    (4) bloc -> . statement SEMI
    (14) statement -> . IF LPAREN expression RPAREN LACC bloc RACC elif_list else_opt
    (15) statement -> . WHILE LPAREN expression RPAREN LACC bloc RACC
    (16) statement -> . FOR LPAREN statement SEMI expression SEMI statement RPAREN LACC bloc RACC
    (17) statement -> . PRINT LPAREN expression RPAREN
    (18) statement -> . NAME EGAL expression
    (19) statement -> . TIMES NAME EGAL expression
    (20) statement -> . DEF NAME LPAREN params RPAREN LACC bloc RACC
    (21) statement -> . RETURN expression
    (22) statement -> . expression
    (49) statement -> . ELSE
    (23) expression -> . REF NAME
    (24) expression -> . expression INF expression
    (25) expression -> . expression INFEG expression
    (26) expression -> . expression SUPEG expression
    (27) expression -> . expression SUP expression
    (28) expression -> . expression EGALEGAL expression
    (29) expression -> . expression AND expression
    (30) expression -> . expression OR expression
    (31) expression -> . expression PLUS expression
    (32) expression -> . expression TIMES expression
    (33) expression -> . expression MINUS expression
    (34) expression -> . expression DIVIDE expression
    (35) expression -> . expression NOTEG expression
    (36) expression -> . expression MODULO expression
    (37) expression -> . NAME LPAREN args RPAREN
    (41) expression -> . LPAREN expression RPAREN
    (42) expression -> . NUMBER
    (43) expression -> . FLOAT
    (44) expression -> . STRING
    (45) expression -> . TRUE
    (46) expression -> . FALSE
    (47) expression -> . NAME
    (48) expression -> . TIMES NAME

    IF              shift and go to state 4
    WHILE           shift and go to state 7
    FOR             shift and go to state 8
    PRINT           shift and go to state 9
    NAME            shift and go to state 10
    TIMES           shift and go to state 11
    DEF             shift and go to state 12
    RETURN          shift and go to state 13
    ELSE            shift and go to state 14
    REF             shift and go to state 15
    LPAREN          shift and go to state 5
    NUMBER          shift and go to state 16
    FLOAT           shift and go to state 17
    STRING          shift and go to state 18
    TRUE            shift and go to state 19
    FALSE           shift and go to state 20

    bloc                           shift and go to state 100
    statement                      shift and go to state 3
    expression                     shift and go to state 6

state 96

    (9) params -> param COMMA params .

    RPAREN          reduce using rule 9 (params -> param COMMA params .)


state 97

    (14) statement -> IF LPAREN expression RPAREN LACC bloc RACC . elif_list else_opt
    (10) elif_list -> . empty
    (11) elif_list -> . elif_list ELIF LPAREN expression RPAREN LACC bloc RACC
    (2) empty -> .

    ELIF            reduce using rule 2 (empty -> .)
    ELSE            reduce using rule 2 (empty -> .)
    SEMI            reduce using rule 2 (empty -> .)
    RPAREN          reduce using rule 2 (empty -> .)

    elif_list                      shift and go to state 101
    empty                          shift and go to state 102

state 98

    (15) statement -> WHILE LPAREN expression RPAREN LACC bloc RACC .

    SEMI            reduce using rule 15 (statement -> WHILE LPAREN expression RPAREN LACC bloc RACC .)
    RPAREN          reduce using rule 15 (statement -> WHILE LPAREN expression RPAREN LACC bloc RACC .)


state 99

    (16) statement -> FOR LPAREN statement SEMI expression SEMI statement . RPAREN LACC bloc RACC

    RPAREN          shift and go to state 103


state 100

    (20) statement -> DEF NAME LPAREN params RPAREN LACC bloc . RACC
    (3) bloc -> bloc . statement SEMI
    (14) statement -> . IF LPAREN expression RPAREN LACC bloc RACC elif_list else_opt
    (15) statement -> . WHILE LPAREN expression RPAREN LACC bloc RACC
    (16) statement -> . FOR LPAREN statement SEMI expression SEMI statement RPAREN LACC bloc RACC
    (17) statement -> . PRINT LPAREN expression RPAREN
    (18) statement -> . NAME EGAL expression
    (19) statement -> . TIMES NAME EGAL expression
    (20) statement -> . DEF NAME LPAREN params RPAREN LACC bloc RACC
    (21) statement -> . RETURN expression
    (22) statement -> . expression
    (49) statement -> . ELSE
    (23) expression -> . REF NAME
    (24) expression -> . expression INF expression
    (25) expression -> . expression INFEG expression
    (26) expression -> . expression SUPEG expression
    (27) expression -> . expression SUP expression
    (28) expression -> . expression EGALEGAL expression
    (29) expression -> . expression AND expression
    (30) expression -> . expression OR expression
    (31) expression -> . expression PLUS expression
    (32) expression -> . expression TIMES expression
    (33) expression -> . expression MINUS expression
    (34) expression -> . expression DIVIDE expression
    (35) expression -> . expression NOTEG expression
    (36) expression -> . expression MODULO expression
    (37) expression -> . NAME LPAREN args RPAREN
    (41) expression -> . LPAREN expression RPAREN
    (42) expression -> . NUMBER
    (43) expression -> . FLOAT
    (44) expression -> . STRING
    (45) expression -> . TRUE
    (46) expression -> . FALSE
    (47) expression -> . NAME
    (48) expression -> . TIMES NAME

    RACC            shift and go to state 104
    IF              shift and go to state 4
    WHILE           shift and go to state 7
    FOR             shift and go to state 8
    PRINT           shift and go to state 9
    NAME            shift and go to state 10
    TIMES           shift and go to state 11
    DEF             shift and go to state 12
    RETURN          shift and go to state 13
    ELSE            shift and go to state 14
    REF             shift and go to state 15
    LPAREN          shift and go to state 5
    NUMBER          shift and go to state 16
    FLOAT           shift and go to state 17
    STRING          shift and go to state 18
    TRUE            shift and go to state 19
    FALSE           shift and go to state 20

    statement                      shift and go to state 21
    expression                     shift and go to state 6

state 101

    (14) statement -> IF LPAREN expression RPAREN LACC bloc RACC elif_list . else_opt
    (11) elif_list -> elif_list . ELIF LPAREN expression RPAREN LACC bloc RACC
    (12) else_opt -> . empty
    (13) else_opt -> . ELSE LACC bloc RACC
    (2) empty -> .

    ELIF            shift and go to state 106
    ELSE            shift and go to state 108
    SEMI            reduce using rule 2 (empty -> .)
    RPAREN          reduce using rule 2 (empty -> .)

    else_opt                       shift and go to state 105
    empty                          shift and go to state 107

state 102

    (10) elif_list -> empty .

    ELIF            reduce using rule 10 (elif_list -> empty .)
    ELSE            reduce using rule 10 (elif_list -> empty .)
    SEMI            reduce using rule 10 (elif_list -> empty .)
    RPAREN          reduce using rule 10 (elif_list -> empty .)


state 103

    (16) statement -> FOR LPAREN statement SEMI expression SEMI statement RPAREN . LACC bloc RACC

    LACC            shift and go to state 109


state 104

    (20) statement -> DEF NAME LPAREN params RPAREN LACC bloc RACC .

    SEMI            reduce using rule 20 (statement -> DEF NAME LPAREN params RPAREN LACC bloc RACC .)
    RPAREN          reduce using rule 20 (statement -> DEF NAME LPAREN params RPAREN LACC bloc RACC .)


state 105

    (14) statement -> IF LPAREN expression RPAREN LACC bloc RACC elif_list else_opt .

    SEMI            reduce using rule 14 (statement -> IF LPAREN expression RPAREN LACC bloc RACC elif_list else_opt .)
    RPAREN          reduce using rule 14 (statement -> IF LPAREN expression RPAREN LACC bloc RACC elif_list else_opt .)


state 106

    (11) elif_list -> elif_list ELIF . LPAREN expression RPAREN LACC bloc RACC

    LPAREN          shift and go to state 110


state 107

    (12) else_opt -> empty .

    SEMI            reduce using rule 12 (else_opt -> empty .)
    RPAREN          reduce using rule 12 (else_opt -> empty .)


state 108

    (13) else_opt -> ELSE . LACC bloc RACC

    LACC            shift and go to state 111


state 109

    (16) statement -> FOR LPAREN statement SEMI expression SEMI statement RPAREN LACC . bloc RACC
    (3) bloc -> . bloc statement SEMI
    (4) bloc -> . statement SEMI
    (14) statement -> . IF LPAREN expression RPAREN LACC bloc RACC elif_list else_opt
    (15) statement -> . WHILE LPAREN expression RPAREN LACC bloc RACC
    (16) statement -> . FOR LPAREN statement SEMI expression SEMI statement RPAREN LACC bloc RACC
    (17) statement -> . PRINT LPAREN expression RPAREN
    (18) statement -> . NAME EGAL expression
    (19) statement -> . TIMES NAME EGAL expression
    (20) statement -> . DEF NAME LPAREN params RPAREN LACC bloc RACC
    (21) statement -> . RETURN expression
    (22) statement -> . expression
    (49) statement -> . ELSE
    (23) expression -> . REF NAME
    (24) expression -> . expression INF expression
    (25) expression -> . expression INFEG expression
    (26) expression -> . expression SUPEG expression
    (27) expression -> . expression SUP expression
    (28) expression -> . expression EGALEGAL expression
    (29) expression -> . expression AND expression
    (30) expression -> . expression OR expression
    (31) expression -> . expression PLUS expression
    (32) expression -> . expression TIMES expression
    (33) expression -> . expression MINUS expression
    (34) expression -> . expression DIVIDE expression
    (35) expression -> . expression NOTEG expression
    (36) expression -> . expression MODULO expression
    (37) expression -> . NAME LPAREN args RPAREN
    (41) expression -> . LPAREN expression RPAREN
    (42) expression -> . NUMBER
    (43) expression -> . FLOAT
    (44) expression -> . STRING
    (45) expression -> . TRUE
    (46) expression -> . FALSE
    (47) expression -> . NAME
    (48) expression -> . TIMES NAME

    IF              shift and go to state 4
    WHILE           shift and go to state 7
    FOR             shift and go to state 8
    PRINT           shift and go to state 9
    NAME            shift and go to state 10
    TIMES           shift and go to state 11
    DEF             shift and go to state 12
    RETURN          shift and go to state 13
    ELSE            shift and go to state 14
    REF             shift and go to state 15
    LPAREN          shift and go to state 5
    NUMBER          shift and go to state 16
    FLOAT           shift and go to state 17
    STRING          shift and go to state 18
    TRUE            shift and go to state 19
    FALSE           shift and go to state 20

    statement                      shift and go to state 3
    expression                     shift and go to state 6
    bloc                           shift and go to state 112

state 110

    (11) elif_list -> elif_list ELIF LPAREN . expression RPAREN LACC bloc RACC
    (23) expression -> . REF NAME
    (24) expression -> . expression INF expression
    (25) expression -> . expression INFEG expression
    (26) expression -> . expression SUPEG expression
    (27) expression -> . expression SUP expression
    (28) expression -> . expression EGALEGAL expression
    (29) expression -> . expression AND expression
    (30) expression -> . expression OR expression
    (31) expression -> . expression PLUS expression
    (32) expression -> . expression TIMES expression
    (33) expression -> . expression MINUS expression
    (34) expression -> . expression DIVIDE expression
    (35) expression -> . expression NOTEG expression
    (36) expression -> . expression MODULO expression
    (37) expression -> . NAME LPAREN args RPAREN
    (41) expression -> . LPAREN expression RPAREN
    (42) expression -> . NUMBER
    (43) expression -> . FLOAT
    (44) expression -> . STRING
    (45) expression -> . TRUE
    (46) expression -> . FALSE
    (47) expression -> . NAME
    (48) expression -> . TIMES NAME

    REF             shift and go to state 15
    NAME            shift and go to state 25
    LPAREN          shift and go to state 5
    NUMBER          shift and go to state 16
    FLOAT           shift and go to state 17
    STRING          shift and go to state 18
    TRUE            shift and go to state 19
    FALSE           shift and go to state 20
    TIMES           shift and go to state 26

    expression                     shift and go to state 113

state 111

    (13) else_opt -> ELSE LACC . bloc RACC
    (3) bloc -> . bloc statement SEMI
    (4) bloc -> . statement SEMI
    (14) statement -> . IF LPAREN expression RPAREN LACC bloc RACC elif_list else_opt
    (15) statement -> . WHILE LPAREN expression RPAREN LACC bloc RACC
    (16) statement -> . FOR LPAREN statement SEMI expression SEMI statement RPAREN LACC bloc RACC
    (17) statement -> . PRINT LPAREN expression RPAREN
    (18) statement -> . NAME EGAL expression
    (19) statement -> . TIMES NAME EGAL expression
    (20) statement -> . DEF NAME LPAREN params RPAREN LACC bloc RACC
    (21) statement -> . RETURN expression
    (22) statement -> . expression
    (49) statement -> . ELSE
    (23) expression -> . REF NAME
    (24) expression -> . expression INF expression
    (25) expression -> . expression INFEG expression
    (26) expression -> . expression SUPEG expression
    (27) expression -> . expression SUP expression
    (28) expression -> . expression EGALEGAL expression
    (29) expression -> . expression AND expression
    (30) expression -> . expression OR expression
    (31) expression -> . expression PLUS expression
    (32) expression -> . expression TIMES expression
    (33) expression -> . expression MINUS expression
    (34) expression -> . expression DIVIDE expression
    (35) expression -> . expression NOTEG expression
    (36) expression -> . expression MODULO expression
    (37) expression -> . NAME LPAREN args RPAREN
    (41) expression -> . LPAREN expression RPAREN
    (42) expression -> . NUMBER
    (43) expression -> . FLOAT
    (44) expression -> . STRING
    (45) expression -> . TRUE
    (46) expression -> . FALSE
    (47) expression -> . NAME
    (48) expression -> . TIMES NAME

    IF              shift and go to state 4
    WHILE           shift and go to state 7
    FOR             shift and go to state 8
    PRINT           shift and go to state 9
    NAME            shift and go to state 10
    TIMES           shift and go to state 11
    DEF             shift and go to state 12
    RETURN          shift and go to state 13
    ELSE            shift and go to state 14
    REF             shift and go to state 15
    LPAREN          shift and go to state 5
    NUMBER          shift and go to state 16
    FLOAT           shift and go to state 17
    STRING          shift and go to state 18
    TRUE            shift and go to state 19
    FALSE           shift and go to state 20

    bloc                           shift and go to state 114
    statement                      shift and go to state 3
    expression                     shift and go to state 6

state 112

    (16) statement -> FOR LPAREN statement SEMI expression SEMI statement RPAREN LACC bloc . RACC
    (3) bloc -> bloc . statement SEMI
    (14) statement -> . IF LPAREN expression RPAREN LACC bloc RACC elif_list else_opt
    (15) statement -> . WHILE LPAREN expression RPAREN LACC bloc RACC
    (16) statement -> . FOR LPAREN statement SEMI expression SEMI statement RPAREN LACC bloc RACC
    (17) statement -> . PRINT LPAREN expression RPAREN
    (18) statement -> . NAME EGAL expression
    (19) statement -> . TIMES NAME EGAL expression
    (20) statement -> . DEF NAME LPAREN params RPAREN LACC bloc RACC
    (21) statement -> . RETURN expression
    (22) statement -> . expression
    (49) statement -> . ELSE
    (23) expression -> . REF NAME
    (24) expression -> . expression INF expression
    (25) expression -> . expression INFEG expression
    (26) expression -> . expression SUPEG expression
    (27) expression -> . expression SUP expression
    (28) expression -> . expression EGALEGAL expression
    (29) expression -> . expression AND expression
    (30) expression -> . expression OR expression
    (31) expression -> . expression PLUS expression
    (32) expression -> . expression TIMES expression
    (33) expression -> . expression MINUS expression
    (34) expression -> . expression DIVIDE expression
    (35) expression -> . expression NOTEG expression
    (36) expression -> . expression MODULO expression
    (37) expression -> . NAME LPAREN args RPAREN
    (41) expression -> . LPAREN expression RPAREN
    (42) expression -> . NUMBER
    (43) expression -> . FLOAT
    (44) expression -> . STRING
    (45) expression -> . TRUE
    (46) expression -> . FALSE
    (47) expression -> . NAME
    (48) expression -> . TIMES NAME

    RACC            shift and go to state 115
    IF              shift and go to state 4
    WHILE           shift and go to state 7
    FOR             shift and go to state 8
    PRINT           shift and go to state 9
    NAME            shift and go to state 10
    TIMES           shift and go to state 11
    DEF             shift and go to state 12
    RETURN          shift and go to state 13
    ELSE            shift and go to state 14
    REF             shift and go to state 15
    LPAREN          shift and go to state 5
    NUMBER          shift and go to state 16
    FLOAT           shift and go to state 17
    STRING          shift and go to state 18
    TRUE            shift and go to state 19
    FALSE           shift and go to state 20

    statement                      shift and go to state 21
    expression                     shift and go to state 6

state 113

    (11) elif_list -> elif_list ELIF LPAREN expression . RPAREN LACC bloc RACC
    (24) expression -> expression . INF expression
    (25) expression -> expression . INFEG expression
    (26) expression -> expression . SUPEG expression
    (27) expression -> expression . SUP expression
    (28) expression -> expression . EGALEGAL expression
    (29) expression -> expression . AND expression
    (30) expression -> expression . OR expression
    (31) expression -> expression . PLUS expression
    (32) expression -> expression . TIMES expression
    (33) expression -> expression . MINUS expression
    (34) expression -> expression . DIVIDE expression
    (35) expression -> expression . NOTEG expression
    (36) expression -> expression . MODULO expression

    RPAREN          shift and go to state 116
    INF             shift and go to state 27
    INFEG           shift and go to state 28
    SUPEG           shift and go to state 29
    SUP             shift and go to state 30
    EGALEGAL        shift and go to state 31
    AND             shift and go to state 32
    OR              shift and go to state 33
    PLUS            shift and go to state 34
    TIMES           shift and go to state 35
    MINUS           shift and go to state 36
    DIVIDE          shift and go to state 37
    NOTEG           shift and go to state 38
    MODULO          shift and go to state 39


state 114

    (13) else_opt -> ELSE LACC bloc . RACC
    (3) bloc -> bloc . statement SEMI
    (14) statement -> . IF LPAREN expression RPAREN LACC bloc RACC elif_list else_opt
    (15) statement -> . WHILE LPAREN expression RPAREN LACC bloc RACC
    (16) statement -> . FOR LPAREN statement SEMI expression SEMI statement RPAREN LACC bloc RACC
    (17) statement -> . PRINT LPAREN expression RPAREN
    (18) statement -> . NAME EGAL expression
    (19) statement -> . TIMES NAME EGAL expression
    (20) statement -> . DEF NAME LPAREN params RPAREN LACC bloc RACC
    (21) statement -> . RETURN expression
    (22) statement -> . expression
    (49) statement -> . ELSE
    (23) expression -> . REF NAME
    (24) expression -> . expression INF expression
    (25) expression -> . expression INFEG expression
    (26) expression -> . expression SUPEG expression
    (27) expression -> . expression SUP expression
    (28) expression -> . expression EGALEGAL expression
    (29) expression -> . expression AND expression
    (30) expression -> . expression OR expression
    (31) expression -> . expression PLUS expression
    (32) expression -> . expression TIMES expression
    (33) expression -> . expression MINUS expression
    (34) expression -> . expression DIVIDE expression
    (35) expression -> . expression NOTEG expression
    (36) expression -> . expression MODULO expression
    (37) expression -> . NAME LPAREN args RPAREN
    (41) expression -> . LPAREN expression RPAREN
    (42) expression -> . NUMBER
    (43) expression -> . FLOAT
    (44) expression -> . STRING
    (45) expression -> . TRUE
    (46) expression -> . FALSE
    (47) expression -> . NAME
    (48) expression -> . TIMES NAME

    RACC            shift and go to state 117
    IF              shift and go to state 4
    WHILE           shift and go to state 7
    FOR             shift and go to state 8
    PRINT           shift and go to state 9
    NAME            shift and go to state 10
    TIMES           shift and go to state 11
    DEF             shift and go to state 12
    RETURN          shift and go to state 13
    ELSE            shift and go to state 14
    REF             shift and go to state 15
    LPAREN          shift and go to state 5
    NUMBER          shift and go to state 16
    FLOAT           shift and go to state 17
    STRING          shift and go to state 18
    TRUE            shift and go to state 19
    FALSE           shift and go to state 20

    statement                      shift and go to state 21
    expression                     shift and go to state 6

state 115

    (16) statement -> FOR LPAREN statement SEMI expression SEMI statement RPAREN LACC bloc RACC .

    SEMI            reduce using rule 16 (statement -> FOR LPAREN statement SEMI expression SEMI statement RPAREN LACC bloc RACC .)
    RPAREN          reduce using rule 16 (statement -> FOR LPAREN statement SEMI expression SEMI statement RPAREN LACC bloc RACC .)


state 116

    (11) elif_list -> elif_list ELIF LPAREN expression RPAREN . LACC bloc RACC

    LACC            shift and go to state 118


state 117

    (13) else_opt -> ELSE LACC bloc RACC .

    SEMI            reduce using rule 13 (else_opt -> ELSE LACC bloc RACC .)
    RPAREN          reduce using rule 13 (else_opt -> ELSE LACC bloc RACC .)


state 118

    (11) elif_list -> elif_list ELIF LPAREN expression RPAREN LACC . bloc RACC
    (3) bloc -> . bloc statement SEMI
    (4) bloc -> . statement SEMI
    (14) statement -> . IF LPAREN expression RPAREN LACC bloc RACC elif_list else_opt
    (15) statement -> . WHILE LPAREN expression RPAREN LACC bloc RACC
    (16) statement -> . FOR LPAREN statement SEMI expression SEMI statement RPAREN LACC bloc RACC
    (17) statement -> . PRINT LPAREN expression RPAREN
    (18) statement -> . NAME EGAL expression
    (19) statement -> . TIMES NAME EGAL expression
    (20) statement -> . DEF NAME LPAREN params RPAREN LACC bloc RACC
    (21) statement -> . RETURN expression
    (22) statement -> . expression
    (49) statement -> . ELSE
    (23) expression -> . REF NAME
    (24) expression -> . expression INF expression
    (25) expression -> . expression INFEG expression
    (26) expression -> . expression SUPEG expression
    (27) expression -> . expression SUP expression
    (28) expression -> . expression EGALEGAL expression
    (29) expression -> . expression AND expression
    (30) expression -> . expression OR expression
    (31) expression -> . expression PLUS expression
    (32) expression -> . expression TIMES expression
    (33) expression -> . expression MINUS expression
    (34) expression -> . expression DIVIDE expression
    (35) expression -> . expression NOTEG expression
    (36) expression -> . expression MODULO expression
    (37) expression -> . NAME LPAREN args RPAREN
    (41) expression -> . LPAREN expression RPAREN
    (42) expression -> . NUMBER
    (43) expression -> . FLOAT
    (44) expression -> . STRING
    (45) expression -> . TRUE
    (46) expression -> . FALSE
    (47) expression -> . NAME
    (48) expression -> . TIMES NAME

    IF              shift and go to state 4
    WHILE           shift and go to state 7
    FOR             shift and go to state 8
    PRINT           shift and go to state 9
    NAME            shift and go to state 10
    TIMES           shift and go to state 11
    DEF             shift and go to state 12
    RETURN          shift and go to state 13
    ELSE            shift and go to state 14
    REF             shift and go to state 15
    LPAREN          shift and go to state 5
    NUMBER          shift and go to state 16
    FLOAT           shift and go to state 17
    STRING          shift and go to state 18
    TRUE            shift and go to state 19
    FALSE           shift and go to state 20

    expression                     shift and go to state 6
    bloc                           shift and go to state 119
    statement                      shift and go to state 3

state 119

    (11) elif_list -> elif_list ELIF LPAREN expression RPAREN LACC bloc . RACC
    (3) bloc -> bloc . statement SEMI
    (14) statement -> . IF LPAREN expression RPAREN LACC bloc RACC elif_list else_opt
    (15) statement -> . WHILE LPAREN expression RPAREN LACC bloc RACC
    (16) statement -> . FOR LPAREN statement SEMI expression SEMI statement RPAREN LACC bloc RACC
    (17) statement -> . PRINT LPAREN expression RPAREN
    (18) statement -> . NAME EGAL expression
    (19) statement -> . TIMES NAME EGAL expression
    (20) statement -> . DEF NAME LPAREN params RPAREN LACC bloc RACC
    (21) statement -> . RETURN expression
    (22) statement -> . expression
    (49) statement -> . ELSE
    (23) expression -> . REF NAME
    (24) expression -> . expression INF expression
    (25) expression -> . expression INFEG expression
    (26) expression -> . expression SUPEG expression
    (27) expression -> . expression SUP expression
    (28) expression -> . expression EGALEGAL expression
    (29) expression -> . expression AND expression
    (30) expression -> . expression OR expression
    (31) expression -> . expression PLUS expression
    (32) expression -> . expression TIMES expression
    (33) expression -> . expression MINUS expression
    (34) expression -> . expression DIVIDE expression
    (35) expression -> . expression NOTEG expression
    (36) expression -> . expression MODULO expression
    (37) expression -> . NAME LPAREN args RPAREN
    (41) expression -> . LPAREN expression RPAREN
    (42) expression -> . NUMBER
    (43) expression -> . FLOAT
    (44) expression -> . STRING
    (45) expression -> . TRUE
    (46) expression -> . FALSE
    (47) expression -> . NAME
    (48) expression -> . TIMES NAME

    RACC            shift and go to state 120
    IF              shift and go to state 4
    WHILE           shift and go to state 7
    FOR             shift and go to state 8
    PRINT           shift and go to state 9
    NAME            shift and go to state 10
    TIMES           shift and go to state 11
    DEF             shift and go to state 12
    RETURN          shift and go to state 13
    ELSE            shift and go to state 14
    REF             shift and go to state 15
    LPAREN          shift and go to state 5
    NUMBER          shift and go to state 16
    FLOAT           shift and go to state 17
    STRING          shift and go to state 18
    TRUE            shift and go to state 19
    FALSE           shift and go to state 20

    expression                     shift and go to state 6
    statement                      shift and go to state 21

state 120

    (11) elif_list -> elif_list ELIF LPAREN expression RPAREN LACC bloc RACC .

    ELIF            reduce using rule 11 (elif_list -> elif_list ELIF LPAREN expression RPAREN LACC bloc RACC .)
    ELSE            reduce using rule 11 (elif_list -> elif_list ELIF LPAREN expression RPAREN LACC bloc RACC .)
    SEMI            reduce using rule 11 (elif_list -> elif_list ELIF LPAREN expression RPAREN LACC bloc RACC .)
    RPAREN          reduce using rule 11 (elif_list -> elif_list ELIF LPAREN expression RPAREN LACC bloc RACC .)

WARNING: 
WARNING: Conflicts:
WARNING: 
WARNING: shift/reduce conflict for INF in state 55 resolved as shift
WARNING: shift/reduce conflict for INFEG in state 55 resolved as shift
WARNING: shift/reduce conflict for SUPEG in state 55 resolved as shift
WARNING: shift/reduce conflict for SUP in state 55 resolved as shift
WARNING: shift/reduce conflict for EGALEGAL in state 55 resolved as shift
WARNING: shift/reduce conflict for AND in state 55 resolved as shift
WARNING: shift/reduce conflict for OR in state 55 resolved as shift
WARNING: shift/reduce conflict for PLUS in state 55 resolved as shift
WARNING: shift/reduce conflict for TIMES in state 55 resolved as shift
WARNING: shift/reduce conflict for MINUS in state 55 resolved as shift
WARNING: shift/reduce conflict for DIVIDE in state 55 resolved as shift
WARNING: shift/reduce conflict for NOTEG in state 55 resolved as shift
WARNING: shift/reduce conflict for MODULO in state 55 resolved as shift
WARNING: shift/reduce conflict for INF in state 64 resolved as shift
WARNING: shift/reduce conflict for INFEG in state 64 resolved as shift
WARNING: shift/reduce conflict for SUPEG in state 64 resolved as shift
WARNING: shift/reduce conflict for SUP in state 64 resolved as shift
WARNING: shift/reduce conflict for EGALEGAL in state 64 resolved as shift
WARNING: shift/reduce conflict for AND in state 64 resolved as shift
WARNING: shift/reduce conflict for OR in state 64 resolved as shift
WARNING: shift/reduce conflict for PLUS in state 64 resolved as shift
WARNING: shift/reduce conflict for TIMES in state 64 resolved as shift
WARNING: shift/reduce conflict for MINUS in state 64 resolved as shift
WARNING: shift/reduce conflict for DIVIDE in state 64 resolved as shift
WARNING: shift/reduce conflict for NOTEG in state 64 resolved as shift
WARNING: shift/reduce conflict for MODULO in state 64 resolved as shift
WARNING: shift/reduce conflict for INF in state 65 resolved as shift
WARNING: shift/reduce conflict for INFEG in state 65 resolved as shift
WARNING: shift/reduce conflict for SUPEG in state 65 resolved as shift
WARNING: shift/reduce conflict for SUP in state 65 resolved as shift
WARNING: shift/reduce conflict for EGALEGAL in state 65 resolved as shift
WARNING: shift/reduce conflict for AND in state 65 resolved as shift
WARNING: shift/reduce conflict for OR in state 65 resolved as shift
WARNING: shift/reduce conflict for PLUS in state 65 resolved as shift
WARNING: shift/reduce conflict for TIMES in state 65 resolved as shift
WARNING: shift/reduce conflict for MINUS in state 65 resolved as shift
WARNING: shift/reduce conflict for DIVIDE in state 65 resolved as shift
WARNING: shift/reduce conflict for NOTEG in state 65 resolved as shift
WARNING: shift/reduce conflict for MODULO in state 65 resolved as shift
