Created by PLY version 3.11 (http://www.dabeaz.com/ply)

Grammar

Rule 0     S' -> start
Rule 1     start -> bloc
Rule 2     empty -> <empty>
Rule 3     bloc -> bloc statement SEMI
Rule 4     bloc -> statement SEMI
Rule 5     params -> <empty>
Rule 6     params -> NAME
Rule 7     params -> NAME COMMA params
Rule 8     elif_list -> empty
Rule 9     elif_list -> ELIF LPAREN expression RPAREN LACC bloc RACC elif_list
Rule 10    else_opt -> empty
Rule 11    else_opt -> ELSE LACC bloc RACC
Rule 12    statement -> IF LPAREN expression RPAREN LACC bloc RACC elif_list else_opt
Rule 13    statement -> WHILE LPAREN expression RPAREN LACC bloc RACC
Rule 14    statement -> FOR LPAREN statement SEMI expression SEMI statement RPAREN LACC bloc RACC
Rule 15    statement -> PRINT LPAREN expression RPAREN
Rule 16    statement -> NAME EGAL expression
Rule 17    statement -> DEF NAME LPAREN params RPAREN LACC bloc RACC
Rule 18    statement -> RETURN expression
Rule 19    statement -> expression
Rule 20    expression -> expression INF expression
Rule 21    expression -> expression INFEG expression
Rule 22    expression -> expression SUPEG expression
Rule 23    expression -> expression SUP expression
Rule 24    expression -> expression EGALEGAL expression
Rule 25    expression -> expression AND expression
Rule 26    expression -> expression OR expression
Rule 27    expression -> expression PLUS expression
Rule 28    expression -> expression TIMES expression
Rule 29    expression -> expression MINUS expression
Rule 30    expression -> expression DIVIDE expression
Rule 31    expression -> NAME LPAREN args RPAREN
Rule 32    args -> <empty>
Rule 33    args -> expression
Rule 34    args -> expression COMMA args
Rule 35    expression -> LPAREN expression RPAREN
Rule 36    expression -> NUMBER
Rule 37    expression -> STRING
Rule 38    expression -> NAME

Terminals, with rules where they appear

AND                  : 25
COMMA                : 7 34
DEF                  : 17
DIVIDE               : 30
EGAL                 : 16
EGALEGAL             : 24
ELIF                 : 9
ELSE                 : 11
FOR                  : 14
IF                   : 12
INF                  : 20
INFEG                : 21
LACC                 : 9 11 12 13 14 17
LPAREN               : 9 12 13 14 15 17 31 35
MINUS                : 29
NAME                 : 6 7 16 17 31 38
NUMBER               : 36
OR                   : 26
PLUS                 : 27
PRINT                : 15
RACC                 : 9 11 12 13 14 17
RETURN               : 18
RPAREN               : 9 12 13 14 15 17 31 35
SEMI                 : 3 4 14 14
STRING               : 37
SUP                  : 23
SUPEG                : 22
TIMES                : 28
WHILE                : 13
error                : 

Nonterminals, with rules where they appear

args                 : 31 34
bloc                 : 1 3 9 11 12 13 14 17
elif_list            : 9 12
else_opt             : 12
empty                : 8 10
expression           : 9 12 13 14 15 16 18 19 20 20 21 21 22 22 23 23 24 24 25 25 26 26 27 27 28 28 29 29 30 30 33 34 35
params               : 7 17
start                : 0
statement            : 3 4 14 14

Parsing method: LALR

state 0

    (0) S' -> . start
    (1) start -> . bloc
    (3) bloc -> . bloc statement SEMI
    (4) bloc -> . statement SEMI
    (12) statement -> . IF LPAREN expression RPAREN LACC bloc RACC elif_list else_opt
    (13) statement -> . WHILE LPAREN expression RPAREN LACC bloc RACC
    (14) statement -> . FOR LPAREN statement SEMI expression SEMI statement RPAREN LACC bloc RACC
    (15) statement -> . PRINT LPAREN expression RPAREN
    (16) statement -> . NAME EGAL expression
    (17) statement -> . DEF NAME LPAREN params RPAREN LACC bloc RACC
    (18) statement -> . RETURN expression
    (19) statement -> . expression
    (20) expression -> . expression INF expression
    (21) expression -> . expression INFEG expression
    (22) expression -> . expression SUPEG expression
    (23) expression -> . expression SUP expression
    (24) expression -> . expression EGALEGAL expression
    (25) expression -> . expression AND expression
    (26) expression -> . expression OR expression
    (27) expression -> . expression PLUS expression
    (28) expression -> . expression TIMES expression
    (29) expression -> . expression MINUS expression
    (30) expression -> . expression DIVIDE expression
    (31) expression -> . NAME LPAREN args RPAREN
    (35) expression -> . LPAREN expression RPAREN
    (36) expression -> . NUMBER
    (37) expression -> . STRING
    (38) expression -> . NAME

    IF              shift and go to state 4
    WHILE           shift and go to state 7
    FOR             shift and go to state 8
    PRINT           shift and go to state 9
    NAME            shift and go to state 10
    DEF             shift and go to state 11
    RETURN          shift and go to state 12
    LPAREN          shift and go to state 5
    NUMBER          shift and go to state 13
    STRING          shift and go to state 14

    start                          shift and go to state 1
    bloc                           shift and go to state 2
    statement                      shift and go to state 3
    expression                     shift and go to state 6

state 1

    (0) S' -> start .



state 2

    (1) start -> bloc .
    (3) bloc -> bloc . statement SEMI
    (12) statement -> . IF LPAREN expression RPAREN LACC bloc RACC elif_list else_opt
    (13) statement -> . WHILE LPAREN expression RPAREN LACC bloc RACC
    (14) statement -> . FOR LPAREN statement SEMI expression SEMI statement RPAREN LACC bloc RACC
    (15) statement -> . PRINT LPAREN expression RPAREN
    (16) statement -> . NAME EGAL expression
    (17) statement -> . DEF NAME LPAREN params RPAREN LACC bloc RACC
    (18) statement -> . RETURN expression
    (19) statement -> . expression
    (20) expression -> . expression INF expression
    (21) expression -> . expression INFEG expression
    (22) expression -> . expression SUPEG expression
    (23) expression -> . expression SUP expression
    (24) expression -> . expression EGALEGAL expression
    (25) expression -> . expression AND expression
    (26) expression -> . expression OR expression
    (27) expression -> . expression PLUS expression
    (28) expression -> . expression TIMES expression
    (29) expression -> . expression MINUS expression
    (30) expression -> . expression DIVIDE expression
    (31) expression -> . NAME LPAREN args RPAREN
    (35) expression -> . LPAREN expression RPAREN
    (36) expression -> . NUMBER
    (37) expression -> . STRING
    (38) expression -> . NAME

    $end            reduce using rule 1 (start -> bloc .)
    IF              shift and go to state 4
    WHILE           shift and go to state 7
    FOR             shift and go to state 8
    PRINT           shift and go to state 9
    NAME            shift and go to state 10
    DEF             shift and go to state 11
    RETURN          shift and go to state 12
    LPAREN          shift and go to state 5
    NUMBER          shift and go to state 13
    STRING          shift and go to state 14

    statement                      shift and go to state 15
    expression                     shift and go to state 6

state 3

    (4) bloc -> statement . SEMI

    SEMI            shift and go to state 16


state 4

    (12) statement -> IF . LPAREN expression RPAREN LACC bloc RACC elif_list else_opt

    LPAREN          shift and go to state 17


state 5

    (35) expression -> LPAREN . expression RPAREN
    (20) expression -> . expression INF expression
    (21) expression -> . expression INFEG expression
    (22) expression -> . expression SUPEG expression
    (23) expression -> . expression SUP expression
    (24) expression -> . expression EGALEGAL expression
    (25) expression -> . expression AND expression
    (26) expression -> . expression OR expression
    (27) expression -> . expression PLUS expression
    (28) expression -> . expression TIMES expression
    (29) expression -> . expression MINUS expression
    (30) expression -> . expression DIVIDE expression
    (31) expression -> . NAME LPAREN args RPAREN
    (35) expression -> . LPAREN expression RPAREN
    (36) expression -> . NUMBER
    (37) expression -> . STRING
    (38) expression -> . NAME

    NAME            shift and go to state 19
    LPAREN          shift and go to state 5
    NUMBER          shift and go to state 13
    STRING          shift and go to state 14

    expression                     shift and go to state 18

state 6

    (19) statement -> expression .
    (20) expression -> expression . INF expression
    (21) expression -> expression . INFEG expression
    (22) expression -> expression . SUPEG expression
    (23) expression -> expression . SUP expression
    (24) expression -> expression . EGALEGAL expression
    (25) expression -> expression . AND expression
    (26) expression -> expression . OR expression
    (27) expression -> expression . PLUS expression
    (28) expression -> expression . TIMES expression
    (29) expression -> expression . MINUS expression
    (30) expression -> expression . DIVIDE expression

    SEMI            reduce using rule 19 (statement -> expression .)
    RPAREN          reduce using rule 19 (statement -> expression .)
    INF             shift and go to state 20
    INFEG           shift and go to state 21
    SUPEG           shift and go to state 22
    SUP             shift and go to state 23
    EGALEGAL        shift and go to state 24
    AND             shift and go to state 25
    OR              shift and go to state 26
    PLUS            shift and go to state 27
    TIMES           shift and go to state 28
    MINUS           shift and go to state 29
    DIVIDE          shift and go to state 30


state 7

    (13) statement -> WHILE . LPAREN expression RPAREN LACC bloc RACC

    LPAREN          shift and go to state 31


state 8

    (14) statement -> FOR . LPAREN statement SEMI expression SEMI statement RPAREN LACC bloc RACC

    LPAREN          shift and go to state 32


state 9

    (15) statement -> PRINT . LPAREN expression RPAREN

    LPAREN          shift and go to state 33


state 10

    (16) statement -> NAME . EGAL expression
    (31) expression -> NAME . LPAREN args RPAREN
    (38) expression -> NAME .

    EGAL            shift and go to state 34
    LPAREN          shift and go to state 35
    INF             reduce using rule 38 (expression -> NAME .)
    INFEG           reduce using rule 38 (expression -> NAME .)
    SUPEG           reduce using rule 38 (expression -> NAME .)
    SUP             reduce using rule 38 (expression -> NAME .)
    EGALEGAL        reduce using rule 38 (expression -> NAME .)
    AND             reduce using rule 38 (expression -> NAME .)
    OR              reduce using rule 38 (expression -> NAME .)
    PLUS            reduce using rule 38 (expression -> NAME .)
    TIMES           reduce using rule 38 (expression -> NAME .)
    MINUS           reduce using rule 38 (expression -> NAME .)
    DIVIDE          reduce using rule 38 (expression -> NAME .)
    SEMI            reduce using rule 38 (expression -> NAME .)
    RPAREN          reduce using rule 38 (expression -> NAME .)


state 11

    (17) statement -> DEF . NAME LPAREN params RPAREN LACC bloc RACC

    NAME            shift and go to state 36


state 12

    (18) statement -> RETURN . expression
    (20) expression -> . expression INF expression
    (21) expression -> . expression INFEG expression
    (22) expression -> . expression SUPEG expression
    (23) expression -> . expression SUP expression
    (24) expression -> . expression EGALEGAL expression
    (25) expression -> . expression AND expression
    (26) expression -> . expression OR expression
    (27) expression -> . expression PLUS expression
    (28) expression -> . expression TIMES expression
    (29) expression -> . expression MINUS expression
    (30) expression -> . expression DIVIDE expression
    (31) expression -> . NAME LPAREN args RPAREN
    (35) expression -> . LPAREN expression RPAREN
    (36) expression -> . NUMBER
    (37) expression -> . STRING
    (38) expression -> . NAME

    NAME            shift and go to state 19
    LPAREN          shift and go to state 5
    NUMBER          shift and go to state 13
    STRING          shift and go to state 14

    expression                     shift and go to state 37

state 13

    (36) expression -> NUMBER .

    INF             reduce using rule 36 (expression -> NUMBER .)
    INFEG           reduce using rule 36 (expression -> NUMBER .)
    SUPEG           reduce using rule 36 (expression -> NUMBER .)
    SUP             reduce using rule 36 (expression -> NUMBER .)
    EGALEGAL        reduce using rule 36 (expression -> NUMBER .)
    AND             reduce using rule 36 (expression -> NUMBER .)
    OR              reduce using rule 36 (expression -> NUMBER .)
    PLUS            reduce using rule 36 (expression -> NUMBER .)
    TIMES           reduce using rule 36 (expression -> NUMBER .)
    MINUS           reduce using rule 36 (expression -> NUMBER .)
    DIVIDE          reduce using rule 36 (expression -> NUMBER .)
    SEMI            reduce using rule 36 (expression -> NUMBER .)
    RPAREN          reduce using rule 36 (expression -> NUMBER .)
    COMMA           reduce using rule 36 (expression -> NUMBER .)


state 14

    (37) expression -> STRING .

    INF             reduce using rule 37 (expression -> STRING .)
    INFEG           reduce using rule 37 (expression -> STRING .)
    SUPEG           reduce using rule 37 (expression -> STRING .)
    SUP             reduce using rule 37 (expression -> STRING .)
    EGALEGAL        reduce using rule 37 (expression -> STRING .)
    AND             reduce using rule 37 (expression -> STRING .)
    OR              reduce using rule 37 (expression -> STRING .)
    PLUS            reduce using rule 37 (expression -> STRING .)
    TIMES           reduce using rule 37 (expression -> STRING .)
    MINUS           reduce using rule 37 (expression -> STRING .)
    DIVIDE          reduce using rule 37 (expression -> STRING .)
    SEMI            reduce using rule 37 (expression -> STRING .)
    RPAREN          reduce using rule 37 (expression -> STRING .)
    COMMA           reduce using rule 37 (expression -> STRING .)


state 15

    (3) bloc -> bloc statement . SEMI

    SEMI            shift and go to state 38


state 16

    (4) bloc -> statement SEMI .

    IF              reduce using rule 4 (bloc -> statement SEMI .)
    WHILE           reduce using rule 4 (bloc -> statement SEMI .)
    FOR             reduce using rule 4 (bloc -> statement SEMI .)
    PRINT           reduce using rule 4 (bloc -> statement SEMI .)
    NAME            reduce using rule 4 (bloc -> statement SEMI .)
    DEF             reduce using rule 4 (bloc -> statement SEMI .)
    RETURN          reduce using rule 4 (bloc -> statement SEMI .)
    LPAREN          reduce using rule 4 (bloc -> statement SEMI .)
    NUMBER          reduce using rule 4 (bloc -> statement SEMI .)
    STRING          reduce using rule 4 (bloc -> statement SEMI .)
    $end            reduce using rule 4 (bloc -> statement SEMI .)
    RACC            reduce using rule 4 (bloc -> statement SEMI .)


state 17

    (12) statement -> IF LPAREN . expression RPAREN LACC bloc RACC elif_list else_opt
    (20) expression -> . expression INF expression
    (21) expression -> . expression INFEG expression
    (22) expression -> . expression SUPEG expression
    (23) expression -> . expression SUP expression
    (24) expression -> . expression EGALEGAL expression
    (25) expression -> . expression AND expression
    (26) expression -> . expression OR expression
    (27) expression -> . expression PLUS expression
    (28) expression -> . expression TIMES expression
    (29) expression -> . expression MINUS expression
    (30) expression -> . expression DIVIDE expression
    (31) expression -> . NAME LPAREN args RPAREN
    (35) expression -> . LPAREN expression RPAREN
    (36) expression -> . NUMBER
    (37) expression -> . STRING
    (38) expression -> . NAME

    NAME            shift and go to state 19
    LPAREN          shift and go to state 5
    NUMBER          shift and go to state 13
    STRING          shift and go to state 14

    expression                     shift and go to state 39

state 18

    (35) expression -> LPAREN expression . RPAREN
    (20) expression -> expression . INF expression
    (21) expression -> expression . INFEG expression
    (22) expression -> expression . SUPEG expression
    (23) expression -> expression . SUP expression
    (24) expression -> expression . EGALEGAL expression
    (25) expression -> expression . AND expression
    (26) expression -> expression . OR expression
    (27) expression -> expression . PLUS expression
    (28) expression -> expression . TIMES expression
    (29) expression -> expression . MINUS expression
    (30) expression -> expression . DIVIDE expression

    RPAREN          shift and go to state 40
    INF             shift and go to state 20
    INFEG           shift and go to state 21
    SUPEG           shift and go to state 22
    SUP             shift and go to state 23
    EGALEGAL        shift and go to state 24
    AND             shift and go to state 25
    OR              shift and go to state 26
    PLUS            shift and go to state 27
    TIMES           shift and go to state 28
    MINUS           shift and go to state 29
    DIVIDE          shift and go to state 30


state 19

    (31) expression -> NAME . LPAREN args RPAREN
    (38) expression -> NAME .

    LPAREN          shift and go to state 35
    RPAREN          reduce using rule 38 (expression -> NAME .)
    INF             reduce using rule 38 (expression -> NAME .)
    INFEG           reduce using rule 38 (expression -> NAME .)
    SUPEG           reduce using rule 38 (expression -> NAME .)
    SUP             reduce using rule 38 (expression -> NAME .)
    EGALEGAL        reduce using rule 38 (expression -> NAME .)
    AND             reduce using rule 38 (expression -> NAME .)
    OR              reduce using rule 38 (expression -> NAME .)
    PLUS            reduce using rule 38 (expression -> NAME .)
    TIMES           reduce using rule 38 (expression -> NAME .)
    MINUS           reduce using rule 38 (expression -> NAME .)
    DIVIDE          reduce using rule 38 (expression -> NAME .)
    SEMI            reduce using rule 38 (expression -> NAME .)
    COMMA           reduce using rule 38 (expression -> NAME .)


state 20

    (20) expression -> expression INF . expression
    (20) expression -> . expression INF expression
    (21) expression -> . expression INFEG expression
    (22) expression -> . expression SUPEG expression
    (23) expression -> . expression SUP expression
    (24) expression -> . expression EGALEGAL expression
    (25) expression -> . expression AND expression
    (26) expression -> . expression OR expression
    (27) expression -> . expression PLUS expression
    (28) expression -> . expression TIMES expression
    (29) expression -> . expression MINUS expression
    (30) expression -> . expression DIVIDE expression
    (31) expression -> . NAME LPAREN args RPAREN
    (35) expression -> . LPAREN expression RPAREN
    (36) expression -> . NUMBER
    (37) expression -> . STRING
    (38) expression -> . NAME

    NAME            shift and go to state 19
    LPAREN          shift and go to state 5
    NUMBER          shift and go to state 13
    STRING          shift and go to state 14

    expression                     shift and go to state 41

state 21

    (21) expression -> expression INFEG . expression
    (20) expression -> . expression INF expression
    (21) expression -> . expression INFEG expression
    (22) expression -> . expression SUPEG expression
    (23) expression -> . expression SUP expression
    (24) expression -> . expression EGALEGAL expression
    (25) expression -> . expression AND expression
    (26) expression -> . expression OR expression
    (27) expression -> . expression PLUS expression
    (28) expression -> . expression TIMES expression
    (29) expression -> . expression MINUS expression
    (30) expression -> . expression DIVIDE expression
    (31) expression -> . NAME LPAREN args RPAREN
    (35) expression -> . LPAREN expression RPAREN
    (36) expression -> . NUMBER
    (37) expression -> . STRING
    (38) expression -> . NAME

    NAME            shift and go to state 19
    LPAREN          shift and go to state 5
    NUMBER          shift and go to state 13
    STRING          shift and go to state 14

    expression                     shift and go to state 42

state 22

    (22) expression -> expression SUPEG . expression
    (20) expression -> . expression INF expression
    (21) expression -> . expression INFEG expression
    (22) expression -> . expression SUPEG expression
    (23) expression -> . expression SUP expression
    (24) expression -> . expression EGALEGAL expression
    (25) expression -> . expression AND expression
    (26) expression -> . expression OR expression
    (27) expression -> . expression PLUS expression
    (28) expression -> . expression TIMES expression
    (29) expression -> . expression MINUS expression
    (30) expression -> . expression DIVIDE expression
    (31) expression -> . NAME LPAREN args RPAREN
    (35) expression -> . LPAREN expression RPAREN
    (36) expression -> . NUMBER
    (37) expression -> . STRING
    (38) expression -> . NAME

    NAME            shift and go to state 19
    LPAREN          shift and go to state 5
    NUMBER          shift and go to state 13
    STRING          shift and go to state 14

    expression                     shift and go to state 43

state 23

    (23) expression -> expression SUP . expression
    (20) expression -> . expression INF expression
    (21) expression -> . expression INFEG expression
    (22) expression -> . expression SUPEG expression
    (23) expression -> . expression SUP expression
    (24) expression -> . expression EGALEGAL expression
    (25) expression -> . expression AND expression
    (26) expression -> . expression OR expression
    (27) expression -> . expression PLUS expression
    (28) expression -> . expression TIMES expression
    (29) expression -> . expression MINUS expression
    (30) expression -> . expression DIVIDE expression
    (31) expression -> . NAME LPAREN args RPAREN
    (35) expression -> . LPAREN expression RPAREN
    (36) expression -> . NUMBER
    (37) expression -> . STRING
    (38) expression -> . NAME

    NAME            shift and go to state 19
    LPAREN          shift and go to state 5
    NUMBER          shift and go to state 13
    STRING          shift and go to state 14

    expression                     shift and go to state 44

state 24

    (24) expression -> expression EGALEGAL . expression
    (20) expression -> . expression INF expression
    (21) expression -> . expression INFEG expression
    (22) expression -> . expression SUPEG expression
    (23) expression -> . expression SUP expression
    (24) expression -> . expression EGALEGAL expression
    (25) expression -> . expression AND expression
    (26) expression -> . expression OR expression
    (27) expression -> . expression PLUS expression
    (28) expression -> . expression TIMES expression
    (29) expression -> . expression MINUS expression
    (30) expression -> . expression DIVIDE expression
    (31) expression -> . NAME LPAREN args RPAREN
    (35) expression -> . LPAREN expression RPAREN
    (36) expression -> . NUMBER
    (37) expression -> . STRING
    (38) expression -> . NAME

    NAME            shift and go to state 19
    LPAREN          shift and go to state 5
    NUMBER          shift and go to state 13
    STRING          shift and go to state 14

    expression                     shift and go to state 45

state 25

    (25) expression -> expression AND . expression
    (20) expression -> . expression INF expression
    (21) expression -> . expression INFEG expression
    (22) expression -> . expression SUPEG expression
    (23) expression -> . expression SUP expression
    (24) expression -> . expression EGALEGAL expression
    (25) expression -> . expression AND expression
    (26) expression -> . expression OR expression
    (27) expression -> . expression PLUS expression
    (28) expression -> . expression TIMES expression
    (29) expression -> . expression MINUS expression
    (30) expression -> . expression DIVIDE expression
    (31) expression -> . NAME LPAREN args RPAREN
    (35) expression -> . LPAREN expression RPAREN
    (36) expression -> . NUMBER
    (37) expression -> . STRING
    (38) expression -> . NAME

    NAME            shift and go to state 19
    LPAREN          shift and go to state 5
    NUMBER          shift and go to state 13
    STRING          shift and go to state 14

    expression                     shift and go to state 46

state 26

    (26) expression -> expression OR . expression
    (20) expression -> . expression INF expression
    (21) expression -> . expression INFEG expression
    (22) expression -> . expression SUPEG expression
    (23) expression -> . expression SUP expression
    (24) expression -> . expression EGALEGAL expression
    (25) expression -> . expression AND expression
    (26) expression -> . expression OR expression
    (27) expression -> . expression PLUS expression
    (28) expression -> . expression TIMES expression
    (29) expression -> . expression MINUS expression
    (30) expression -> . expression DIVIDE expression
    (31) expression -> . NAME LPAREN args RPAREN
    (35) expression -> . LPAREN expression RPAREN
    (36) expression -> . NUMBER
    (37) expression -> . STRING
    (38) expression -> . NAME

    NAME            shift and go to state 19
    LPAREN          shift and go to state 5
    NUMBER          shift and go to state 13
    STRING          shift and go to state 14

    expression                     shift and go to state 47

state 27

    (27) expression -> expression PLUS . expression
    (20) expression -> . expression INF expression
    (21) expression -> . expression INFEG expression
    (22) expression -> . expression SUPEG expression
    (23) expression -> . expression SUP expression
    (24) expression -> . expression EGALEGAL expression
    (25) expression -> . expression AND expression
    (26) expression -> . expression OR expression
    (27) expression -> . expression PLUS expression
    (28) expression -> . expression TIMES expression
    (29) expression -> . expression MINUS expression
    (30) expression -> . expression DIVIDE expression
    (31) expression -> . NAME LPAREN args RPAREN
    (35) expression -> . LPAREN expression RPAREN
    (36) expression -> . NUMBER
    (37) expression -> . STRING
    (38) expression -> . NAME

    NAME            shift and go to state 19
    LPAREN          shift and go to state 5
    NUMBER          shift and go to state 13
    STRING          shift and go to state 14

    expression                     shift and go to state 48

state 28

    (28) expression -> expression TIMES . expression
    (20) expression -> . expression INF expression
    (21) expression -> . expression INFEG expression
    (22) expression -> . expression SUPEG expression
    (23) expression -> . expression SUP expression
    (24) expression -> . expression EGALEGAL expression
    (25) expression -> . expression AND expression
    (26) expression -> . expression OR expression
    (27) expression -> . expression PLUS expression
    (28) expression -> . expression TIMES expression
    (29) expression -> . expression MINUS expression
    (30) expression -> . expression DIVIDE expression
    (31) expression -> . NAME LPAREN args RPAREN
    (35) expression -> . LPAREN expression RPAREN
    (36) expression -> . NUMBER
    (37) expression -> . STRING
    (38) expression -> . NAME

    NAME            shift and go to state 19
    LPAREN          shift and go to state 5
    NUMBER          shift and go to state 13
    STRING          shift and go to state 14

    expression                     shift and go to state 49

state 29

    (29) expression -> expression MINUS . expression
    (20) expression -> . expression INF expression
    (21) expression -> . expression INFEG expression
    (22) expression -> . expression SUPEG expression
    (23) expression -> . expression SUP expression
    (24) expression -> . expression EGALEGAL expression
    (25) expression -> . expression AND expression
    (26) expression -> . expression OR expression
    (27) expression -> . expression PLUS expression
    (28) expression -> . expression TIMES expression
    (29) expression -> . expression MINUS expression
    (30) expression -> . expression DIVIDE expression
    (31) expression -> . NAME LPAREN args RPAREN
    (35) expression -> . LPAREN expression RPAREN
    (36) expression -> . NUMBER
    (37) expression -> . STRING
    (38) expression -> . NAME

    NAME            shift and go to state 19
    LPAREN          shift and go to state 5
    NUMBER          shift and go to state 13
    STRING          shift and go to state 14

    expression                     shift and go to state 50

state 30

    (30) expression -> expression DIVIDE . expression
    (20) expression -> . expression INF expression
    (21) expression -> . expression INFEG expression
    (22) expression -> . expression SUPEG expression
    (23) expression -> . expression SUP expression
    (24) expression -> . expression EGALEGAL expression
    (25) expression -> . expression AND expression
    (26) expression -> . expression OR expression
    (27) expression -> . expression PLUS expression
    (28) expression -> . expression TIMES expression
    (29) expression -> . expression MINUS expression
    (30) expression -> . expression DIVIDE expression
    (31) expression -> . NAME LPAREN args RPAREN
    (35) expression -> . LPAREN expression RPAREN
    (36) expression -> . NUMBER
    (37) expression -> . STRING
    (38) expression -> . NAME

    NAME            shift and go to state 19
    LPAREN          shift and go to state 5
    NUMBER          shift and go to state 13
    STRING          shift and go to state 14

    expression                     shift and go to state 51

state 31

    (13) statement -> WHILE LPAREN . expression RPAREN LACC bloc RACC
    (20) expression -> . expression INF expression
    (21) expression -> . expression INFEG expression
    (22) expression -> . expression SUPEG expression
    (23) expression -> . expression SUP expression
    (24) expression -> . expression EGALEGAL expression
    (25) expression -> . expression AND expression
    (26) expression -> . expression OR expression
    (27) expression -> . expression PLUS expression
    (28) expression -> . expression TIMES expression
    (29) expression -> . expression MINUS expression
    (30) expression -> . expression DIVIDE expression
    (31) expression -> . NAME LPAREN args RPAREN
    (35) expression -> . LPAREN expression RPAREN
    (36) expression -> . NUMBER
    (37) expression -> . STRING
    (38) expression -> . NAME

    NAME            shift and go to state 19
    LPAREN          shift and go to state 5
    NUMBER          shift and go to state 13
    STRING          shift and go to state 14

    expression                     shift and go to state 52

state 32

    (14) statement -> FOR LPAREN . statement SEMI expression SEMI statement RPAREN LACC bloc RACC
    (12) statement -> . IF LPAREN expression RPAREN LACC bloc RACC elif_list else_opt
    (13) statement -> . WHILE LPAREN expression RPAREN LACC bloc RACC
    (14) statement -> . FOR LPAREN statement SEMI expression SEMI statement RPAREN LACC bloc RACC
    (15) statement -> . PRINT LPAREN expression RPAREN
    (16) statement -> . NAME EGAL expression
    (17) statement -> . DEF NAME LPAREN params RPAREN LACC bloc RACC
    (18) statement -> . RETURN expression
    (19) statement -> . expression
    (20) expression -> . expression INF expression
    (21) expression -> . expression INFEG expression
    (22) expression -> . expression SUPEG expression
    (23) expression -> . expression SUP expression
    (24) expression -> . expression EGALEGAL expression
    (25) expression -> . expression AND expression
    (26) expression -> . expression OR expression
    (27) expression -> . expression PLUS expression
    (28) expression -> . expression TIMES expression
    (29) expression -> . expression MINUS expression
    (30) expression -> . expression DIVIDE expression
    (31) expression -> . NAME LPAREN args RPAREN
    (35) expression -> . LPAREN expression RPAREN
    (36) expression -> . NUMBER
    (37) expression -> . STRING
    (38) expression -> . NAME

    IF              shift and go to state 4
    WHILE           shift and go to state 7
    FOR             shift and go to state 8
    PRINT           shift and go to state 9
    NAME            shift and go to state 10
    DEF             shift and go to state 11
    RETURN          shift and go to state 12
    LPAREN          shift and go to state 5
    NUMBER          shift and go to state 13
    STRING          shift and go to state 14

    statement                      shift and go to state 53
    expression                     shift and go to state 6

state 33

    (15) statement -> PRINT LPAREN . expression RPAREN
    (20) expression -> . expression INF expression
    (21) expression -> . expression INFEG expression
    (22) expression -> . expression SUPEG expression
    (23) expression -> . expression SUP expression
    (24) expression -> . expression EGALEGAL expression
    (25) expression -> . expression AND expression
    (26) expression -> . expression OR expression
    (27) expression -> . expression PLUS expression
    (28) expression -> . expression TIMES expression
    (29) expression -> . expression MINUS expression
    (30) expression -> . expression DIVIDE expression
    (31) expression -> . NAME LPAREN args RPAREN
    (35) expression -> . LPAREN expression RPAREN
    (36) expression -> . NUMBER
    (37) expression -> . STRING
    (38) expression -> . NAME

    NAME            shift and go to state 19
    LPAREN          shift and go to state 5
    NUMBER          shift and go to state 13
    STRING          shift and go to state 14

    expression                     shift and go to state 54

state 34

    (16) statement -> NAME EGAL . expression
    (20) expression -> . expression INF expression
    (21) expression -> . expression INFEG expression
    (22) expression -> . expression SUPEG expression
    (23) expression -> . expression SUP expression
    (24) expression -> . expression EGALEGAL expression
    (25) expression -> . expression AND expression
    (26) expression -> . expression OR expression
    (27) expression -> . expression PLUS expression
    (28) expression -> . expression TIMES expression
    (29) expression -> . expression MINUS expression
    (30) expression -> . expression DIVIDE expression
    (31) expression -> . NAME LPAREN args RPAREN
    (35) expression -> . LPAREN expression RPAREN
    (36) expression -> . NUMBER
    (37) expression -> . STRING
    (38) expression -> . NAME

    NAME            shift and go to state 19
    LPAREN          shift and go to state 5
    NUMBER          shift and go to state 13
    STRING          shift and go to state 14

    expression                     shift and go to state 55

state 35

    (31) expression -> NAME LPAREN . args RPAREN
    (32) args -> .
    (33) args -> . expression
    (34) args -> . expression COMMA args
    (20) expression -> . expression INF expression
    (21) expression -> . expression INFEG expression
    (22) expression -> . expression SUPEG expression
    (23) expression -> . expression SUP expression
    (24) expression -> . expression EGALEGAL expression
    (25) expression -> . expression AND expression
    (26) expression -> . expression OR expression
    (27) expression -> . expression PLUS expression
    (28) expression -> . expression TIMES expression
    (29) expression -> . expression MINUS expression
    (30) expression -> . expression DIVIDE expression
    (31) expression -> . NAME LPAREN args RPAREN
    (35) expression -> . LPAREN expression RPAREN
    (36) expression -> . NUMBER
    (37) expression -> . STRING
    (38) expression -> . NAME

    RPAREN          reduce using rule 32 (args -> .)
    NAME            shift and go to state 19
    LPAREN          shift and go to state 5
    NUMBER          shift and go to state 13
    STRING          shift and go to state 14

    args                           shift and go to state 56
    expression                     shift and go to state 57

state 36

    (17) statement -> DEF NAME . LPAREN params RPAREN LACC bloc RACC

    LPAREN          shift and go to state 58


state 37

    (18) statement -> RETURN expression .
    (20) expression -> expression . INF expression
    (21) expression -> expression . INFEG expression
    (22) expression -> expression . SUPEG expression
    (23) expression -> expression . SUP expression
    (24) expression -> expression . EGALEGAL expression
    (25) expression -> expression . AND expression
    (26) expression -> expression . OR expression
    (27) expression -> expression . PLUS expression
    (28) expression -> expression . TIMES expression
    (29) expression -> expression . MINUS expression
    (30) expression -> expression . DIVIDE expression

    SEMI            reduce using rule 18 (statement -> RETURN expression .)
    RPAREN          reduce using rule 18 (statement -> RETURN expression .)
    INF             shift and go to state 20
    INFEG           shift and go to state 21
    SUPEG           shift and go to state 22
    SUP             shift and go to state 23
    EGALEGAL        shift and go to state 24
    AND             shift and go to state 25
    OR              shift and go to state 26
    PLUS            shift and go to state 27
    TIMES           shift and go to state 28
    MINUS           shift and go to state 29
    DIVIDE          shift and go to state 30


state 38

    (3) bloc -> bloc statement SEMI .

    IF              reduce using rule 3 (bloc -> bloc statement SEMI .)
    WHILE           reduce using rule 3 (bloc -> bloc statement SEMI .)
    FOR             reduce using rule 3 (bloc -> bloc statement SEMI .)
    PRINT           reduce using rule 3 (bloc -> bloc statement SEMI .)
    NAME            reduce using rule 3 (bloc -> bloc statement SEMI .)
    DEF             reduce using rule 3 (bloc -> bloc statement SEMI .)
    RETURN          reduce using rule 3 (bloc -> bloc statement SEMI .)
    LPAREN          reduce using rule 3 (bloc -> bloc statement SEMI .)
    NUMBER          reduce using rule 3 (bloc -> bloc statement SEMI .)
    STRING          reduce using rule 3 (bloc -> bloc statement SEMI .)
    $end            reduce using rule 3 (bloc -> bloc statement SEMI .)
    RACC            reduce using rule 3 (bloc -> bloc statement SEMI .)


state 39

    (12) statement -> IF LPAREN expression . RPAREN LACC bloc RACC elif_list else_opt
    (20) expression -> expression . INF expression
    (21) expression -> expression . INFEG expression
    (22) expression -> expression . SUPEG expression
    (23) expression -> expression . SUP expression
    (24) expression -> expression . EGALEGAL expression
    (25) expression -> expression . AND expression
    (26) expression -> expression . OR expression
    (27) expression -> expression . PLUS expression
    (28) expression -> expression . TIMES expression
    (29) expression -> expression . MINUS expression
    (30) expression -> expression . DIVIDE expression

    RPAREN          shift and go to state 59
    INF             shift and go to state 20
    INFEG           shift and go to state 21
    SUPEG           shift and go to state 22
    SUP             shift and go to state 23
    EGALEGAL        shift and go to state 24
    AND             shift and go to state 25
    OR              shift and go to state 26
    PLUS            shift and go to state 27
    TIMES           shift and go to state 28
    MINUS           shift and go to state 29
    DIVIDE          shift and go to state 30


state 40

    (35) expression -> LPAREN expression RPAREN .

    INF             reduce using rule 35 (expression -> LPAREN expression RPAREN .)
    INFEG           reduce using rule 35 (expression -> LPAREN expression RPAREN .)
    SUPEG           reduce using rule 35 (expression -> LPAREN expression RPAREN .)
    SUP             reduce using rule 35 (expression -> LPAREN expression RPAREN .)
    EGALEGAL        reduce using rule 35 (expression -> LPAREN expression RPAREN .)
    AND             reduce using rule 35 (expression -> LPAREN expression RPAREN .)
    OR              reduce using rule 35 (expression -> LPAREN expression RPAREN .)
    PLUS            reduce using rule 35 (expression -> LPAREN expression RPAREN .)
    TIMES           reduce using rule 35 (expression -> LPAREN expression RPAREN .)
    MINUS           reduce using rule 35 (expression -> LPAREN expression RPAREN .)
    DIVIDE          reduce using rule 35 (expression -> LPAREN expression RPAREN .)
    SEMI            reduce using rule 35 (expression -> LPAREN expression RPAREN .)
    RPAREN          reduce using rule 35 (expression -> LPAREN expression RPAREN .)
    COMMA           reduce using rule 35 (expression -> LPAREN expression RPAREN .)


state 41

    (20) expression -> expression INF expression .
    (20) expression -> expression . INF expression
    (21) expression -> expression . INFEG expression
    (22) expression -> expression . SUPEG expression
    (23) expression -> expression . SUP expression
    (24) expression -> expression . EGALEGAL expression
    (25) expression -> expression . AND expression
    (26) expression -> expression . OR expression
    (27) expression -> expression . PLUS expression
    (28) expression -> expression . TIMES expression
    (29) expression -> expression . MINUS expression
    (30) expression -> expression . DIVIDE expression

    INF             reduce using rule 20 (expression -> expression INF expression .)
    INFEG           reduce using rule 20 (expression -> expression INF expression .)
    SUPEG           reduce using rule 20 (expression -> expression INF expression .)
    SUP             reduce using rule 20 (expression -> expression INF expression .)
    EGALEGAL        reduce using rule 20 (expression -> expression INF expression .)
    AND             reduce using rule 20 (expression -> expression INF expression .)
    OR              reduce using rule 20 (expression -> expression INF expression .)
    SEMI            reduce using rule 20 (expression -> expression INF expression .)
    RPAREN          reduce using rule 20 (expression -> expression INF expression .)
    COMMA           reduce using rule 20 (expression -> expression INF expression .)
    PLUS            shift and go to state 27
    TIMES           shift and go to state 28
    MINUS           shift and go to state 29
    DIVIDE          shift and go to state 30

  ! PLUS            [ reduce using rule 20 (expression -> expression INF expression .) ]
  ! TIMES           [ reduce using rule 20 (expression -> expression INF expression .) ]
  ! MINUS           [ reduce using rule 20 (expression -> expression INF expression .) ]
  ! DIVIDE          [ reduce using rule 20 (expression -> expression INF expression .) ]
  ! INF             [ shift and go to state 20 ]
  ! INFEG           [ shift and go to state 21 ]
  ! SUPEG           [ shift and go to state 22 ]
  ! SUP             [ shift and go to state 23 ]
  ! EGALEGAL        [ shift and go to state 24 ]
  ! AND             [ shift and go to state 25 ]
  ! OR              [ shift and go to state 26 ]


state 42

    (21) expression -> expression INFEG expression .
    (20) expression -> expression . INF expression
    (21) expression -> expression . INFEG expression
    (22) expression -> expression . SUPEG expression
    (23) expression -> expression . SUP expression
    (24) expression -> expression . EGALEGAL expression
    (25) expression -> expression . AND expression
    (26) expression -> expression . OR expression
    (27) expression -> expression . PLUS expression
    (28) expression -> expression . TIMES expression
    (29) expression -> expression . MINUS expression
    (30) expression -> expression . DIVIDE expression

    INF             reduce using rule 21 (expression -> expression INFEG expression .)
    INFEG           reduce using rule 21 (expression -> expression INFEG expression .)
    SUPEG           reduce using rule 21 (expression -> expression INFEG expression .)
    SUP             reduce using rule 21 (expression -> expression INFEG expression .)
    EGALEGAL        reduce using rule 21 (expression -> expression INFEG expression .)
    AND             reduce using rule 21 (expression -> expression INFEG expression .)
    OR              reduce using rule 21 (expression -> expression INFEG expression .)
    SEMI            reduce using rule 21 (expression -> expression INFEG expression .)
    RPAREN          reduce using rule 21 (expression -> expression INFEG expression .)
    COMMA           reduce using rule 21 (expression -> expression INFEG expression .)
    PLUS            shift and go to state 27
    TIMES           shift and go to state 28
    MINUS           shift and go to state 29
    DIVIDE          shift and go to state 30

  ! PLUS            [ reduce using rule 21 (expression -> expression INFEG expression .) ]
  ! TIMES           [ reduce using rule 21 (expression -> expression INFEG expression .) ]
  ! MINUS           [ reduce using rule 21 (expression -> expression INFEG expression .) ]
  ! DIVIDE          [ reduce using rule 21 (expression -> expression INFEG expression .) ]
  ! INF             [ shift and go to state 20 ]
  ! INFEG           [ shift and go to state 21 ]
  ! SUPEG           [ shift and go to state 22 ]
  ! SUP             [ shift and go to state 23 ]
  ! EGALEGAL        [ shift and go to state 24 ]
  ! AND             [ shift and go to state 25 ]
  ! OR              [ shift and go to state 26 ]


state 43

    (22) expression -> expression SUPEG expression .
    (20) expression -> expression . INF expression
    (21) expression -> expression . INFEG expression
    (22) expression -> expression . SUPEG expression
    (23) expression -> expression . SUP expression
    (24) expression -> expression . EGALEGAL expression
    (25) expression -> expression . AND expression
    (26) expression -> expression . OR expression
    (27) expression -> expression . PLUS expression
    (28) expression -> expression . TIMES expression
    (29) expression -> expression . MINUS expression
    (30) expression -> expression . DIVIDE expression

  ! shift/reduce conflict for INF resolved as shift
  ! shift/reduce conflict for INFEG resolved as shift
  ! shift/reduce conflict for SUPEG resolved as shift
  ! shift/reduce conflict for SUP resolved as shift
  ! shift/reduce conflict for EGALEGAL resolved as shift
  ! shift/reduce conflict for AND resolved as shift
  ! shift/reduce conflict for OR resolved as shift
  ! shift/reduce conflict for PLUS resolved as shift
  ! shift/reduce conflict for TIMES resolved as shift
  ! shift/reduce conflict for MINUS resolved as shift
  ! shift/reduce conflict for DIVIDE resolved as shift
    SEMI            reduce using rule 22 (expression -> expression SUPEG expression .)
    RPAREN          reduce using rule 22 (expression -> expression SUPEG expression .)
    COMMA           reduce using rule 22 (expression -> expression SUPEG expression .)
    INF             shift and go to state 20
    INFEG           shift and go to state 21
    SUPEG           shift and go to state 22
    SUP             shift and go to state 23
    EGALEGAL        shift and go to state 24
    AND             shift and go to state 25
    OR              shift and go to state 26
    PLUS            shift and go to state 27
    TIMES           shift and go to state 28
    MINUS           shift and go to state 29
    DIVIDE          shift and go to state 30

  ! INF             [ reduce using rule 22 (expression -> expression SUPEG expression .) ]
  ! INFEG           [ reduce using rule 22 (expression -> expression SUPEG expression .) ]
  ! SUPEG           [ reduce using rule 22 (expression -> expression SUPEG expression .) ]
  ! SUP             [ reduce using rule 22 (expression -> expression SUPEG expression .) ]
  ! EGALEGAL        [ reduce using rule 22 (expression -> expression SUPEG expression .) ]
  ! AND             [ reduce using rule 22 (expression -> expression SUPEG expression .) ]
  ! OR              [ reduce using rule 22 (expression -> expression SUPEG expression .) ]
  ! PLUS            [ reduce using rule 22 (expression -> expression SUPEG expression .) ]
  ! TIMES           [ reduce using rule 22 (expression -> expression SUPEG expression .) ]
  ! MINUS           [ reduce using rule 22 (expression -> expression SUPEG expression .) ]
  ! DIVIDE          [ reduce using rule 22 (expression -> expression SUPEG expression .) ]


state 44

    (23) expression -> expression SUP expression .
    (20) expression -> expression . INF expression
    (21) expression -> expression . INFEG expression
    (22) expression -> expression . SUPEG expression
    (23) expression -> expression . SUP expression
    (24) expression -> expression . EGALEGAL expression
    (25) expression -> expression . AND expression
    (26) expression -> expression . OR expression
    (27) expression -> expression . PLUS expression
    (28) expression -> expression . TIMES expression
    (29) expression -> expression . MINUS expression
    (30) expression -> expression . DIVIDE expression

    INF             reduce using rule 23 (expression -> expression SUP expression .)
    INFEG           reduce using rule 23 (expression -> expression SUP expression .)
    SUPEG           reduce using rule 23 (expression -> expression SUP expression .)
    SUP             reduce using rule 23 (expression -> expression SUP expression .)
    EGALEGAL        reduce using rule 23 (expression -> expression SUP expression .)
    AND             reduce using rule 23 (expression -> expression SUP expression .)
    OR              reduce using rule 23 (expression -> expression SUP expression .)
    SEMI            reduce using rule 23 (expression -> expression SUP expression .)
    RPAREN          reduce using rule 23 (expression -> expression SUP expression .)
    COMMA           reduce using rule 23 (expression -> expression SUP expression .)
    PLUS            shift and go to state 27
    TIMES           shift and go to state 28
    MINUS           shift and go to state 29
    DIVIDE          shift and go to state 30

  ! PLUS            [ reduce using rule 23 (expression -> expression SUP expression .) ]
  ! TIMES           [ reduce using rule 23 (expression -> expression SUP expression .) ]
  ! MINUS           [ reduce using rule 23 (expression -> expression SUP expression .) ]
  ! DIVIDE          [ reduce using rule 23 (expression -> expression SUP expression .) ]
  ! INF             [ shift and go to state 20 ]
  ! INFEG           [ shift and go to state 21 ]
  ! SUPEG           [ shift and go to state 22 ]
  ! SUP             [ shift and go to state 23 ]
  ! EGALEGAL        [ shift and go to state 24 ]
  ! AND             [ shift and go to state 25 ]
  ! OR              [ shift and go to state 26 ]


state 45

    (24) expression -> expression EGALEGAL expression .
    (20) expression -> expression . INF expression
    (21) expression -> expression . INFEG expression
    (22) expression -> expression . SUPEG expression
    (23) expression -> expression . SUP expression
    (24) expression -> expression . EGALEGAL expression
    (25) expression -> expression . AND expression
    (26) expression -> expression . OR expression
    (27) expression -> expression . PLUS expression
    (28) expression -> expression . TIMES expression
    (29) expression -> expression . MINUS expression
    (30) expression -> expression . DIVIDE expression

    INF             reduce using rule 24 (expression -> expression EGALEGAL expression .)
    INFEG           reduce using rule 24 (expression -> expression EGALEGAL expression .)
    SUPEG           reduce using rule 24 (expression -> expression EGALEGAL expression .)
    SUP             reduce using rule 24 (expression -> expression EGALEGAL expression .)
    EGALEGAL        reduce using rule 24 (expression -> expression EGALEGAL expression .)
    AND             reduce using rule 24 (expression -> expression EGALEGAL expression .)
    OR              reduce using rule 24 (expression -> expression EGALEGAL expression .)
    SEMI            reduce using rule 24 (expression -> expression EGALEGAL expression .)
    RPAREN          reduce using rule 24 (expression -> expression EGALEGAL expression .)
    COMMA           reduce using rule 24 (expression -> expression EGALEGAL expression .)
    PLUS            shift and go to state 27
    TIMES           shift and go to state 28
    MINUS           shift and go to state 29
    DIVIDE          shift and go to state 30

  ! PLUS            [ reduce using rule 24 (expression -> expression EGALEGAL expression .) ]
  ! TIMES           [ reduce using rule 24 (expression -> expression EGALEGAL expression .) ]
  ! MINUS           [ reduce using rule 24 (expression -> expression EGALEGAL expression .) ]
  ! DIVIDE          [ reduce using rule 24 (expression -> expression EGALEGAL expression .) ]
  ! INF             [ shift and go to state 20 ]
  ! INFEG           [ shift and go to state 21 ]
  ! SUPEG           [ shift and go to state 22 ]
  ! SUP             [ shift and go to state 23 ]
  ! EGALEGAL        [ shift and go to state 24 ]
  ! AND             [ shift and go to state 25 ]
  ! OR              [ shift and go to state 26 ]


state 46

    (25) expression -> expression AND expression .
    (20) expression -> expression . INF expression
    (21) expression -> expression . INFEG expression
    (22) expression -> expression . SUPEG expression
    (23) expression -> expression . SUP expression
    (24) expression -> expression . EGALEGAL expression
    (25) expression -> expression . AND expression
    (26) expression -> expression . OR expression
    (27) expression -> expression . PLUS expression
    (28) expression -> expression . TIMES expression
    (29) expression -> expression . MINUS expression
    (30) expression -> expression . DIVIDE expression

    SUPEG           reduce using rule 25 (expression -> expression AND expression .)
    AND             reduce using rule 25 (expression -> expression AND expression .)
    OR              reduce using rule 25 (expression -> expression AND expression .)
    SEMI            reduce using rule 25 (expression -> expression AND expression .)
    RPAREN          reduce using rule 25 (expression -> expression AND expression .)
    COMMA           reduce using rule 25 (expression -> expression AND expression .)
    INF             shift and go to state 20
    INFEG           shift and go to state 21
    SUP             shift and go to state 23
    EGALEGAL        shift and go to state 24
    PLUS            shift and go to state 27
    TIMES           shift and go to state 28
    MINUS           shift and go to state 29
    DIVIDE          shift and go to state 30

  ! INF             [ reduce using rule 25 (expression -> expression AND expression .) ]
  ! INFEG           [ reduce using rule 25 (expression -> expression AND expression .) ]
  ! SUP             [ reduce using rule 25 (expression -> expression AND expression .) ]
  ! EGALEGAL        [ reduce using rule 25 (expression -> expression AND expression .) ]
  ! PLUS            [ reduce using rule 25 (expression -> expression AND expression .) ]
  ! TIMES           [ reduce using rule 25 (expression -> expression AND expression .) ]
  ! MINUS           [ reduce using rule 25 (expression -> expression AND expression .) ]
  ! DIVIDE          [ reduce using rule 25 (expression -> expression AND expression .) ]
  ! SUPEG           [ shift and go to state 22 ]
  ! AND             [ shift and go to state 25 ]
  ! OR              [ shift and go to state 26 ]


state 47

    (26) expression -> expression OR expression .
    (20) expression -> expression . INF expression
    (21) expression -> expression . INFEG expression
    (22) expression -> expression . SUPEG expression
    (23) expression -> expression . SUP expression
    (24) expression -> expression . EGALEGAL expression
    (25) expression -> expression . AND expression
    (26) expression -> expression . OR expression
    (27) expression -> expression . PLUS expression
    (28) expression -> expression . TIMES expression
    (29) expression -> expression . MINUS expression
    (30) expression -> expression . DIVIDE expression

    SUPEG           reduce using rule 26 (expression -> expression OR expression .)
    OR              reduce using rule 26 (expression -> expression OR expression .)
    SEMI            reduce using rule 26 (expression -> expression OR expression .)
    RPAREN          reduce using rule 26 (expression -> expression OR expression .)
    COMMA           reduce using rule 26 (expression -> expression OR expression .)
    INF             shift and go to state 20
    INFEG           shift and go to state 21
    SUP             shift and go to state 23
    EGALEGAL        shift and go to state 24
    AND             shift and go to state 25
    PLUS            shift and go to state 27
    TIMES           shift and go to state 28
    MINUS           shift and go to state 29
    DIVIDE          shift and go to state 30

  ! INF             [ reduce using rule 26 (expression -> expression OR expression .) ]
  ! INFEG           [ reduce using rule 26 (expression -> expression OR expression .) ]
  ! SUP             [ reduce using rule 26 (expression -> expression OR expression .) ]
  ! EGALEGAL        [ reduce using rule 26 (expression -> expression OR expression .) ]
  ! AND             [ reduce using rule 26 (expression -> expression OR expression .) ]
  ! PLUS            [ reduce using rule 26 (expression -> expression OR expression .) ]
  ! TIMES           [ reduce using rule 26 (expression -> expression OR expression .) ]
  ! MINUS           [ reduce using rule 26 (expression -> expression OR expression .) ]
  ! DIVIDE          [ reduce using rule 26 (expression -> expression OR expression .) ]
  ! SUPEG           [ shift and go to state 22 ]
  ! OR              [ shift and go to state 26 ]


state 48

    (27) expression -> expression PLUS expression .
    (20) expression -> expression . INF expression
    (21) expression -> expression . INFEG expression
    (22) expression -> expression . SUPEG expression
    (23) expression -> expression . SUP expression
    (24) expression -> expression . EGALEGAL expression
    (25) expression -> expression . AND expression
    (26) expression -> expression . OR expression
    (27) expression -> expression . PLUS expression
    (28) expression -> expression . TIMES expression
    (29) expression -> expression . MINUS expression
    (30) expression -> expression . DIVIDE expression

    INF             reduce using rule 27 (expression -> expression PLUS expression .)
    INFEG           reduce using rule 27 (expression -> expression PLUS expression .)
    SUPEG           reduce using rule 27 (expression -> expression PLUS expression .)
    SUP             reduce using rule 27 (expression -> expression PLUS expression .)
    EGALEGAL        reduce using rule 27 (expression -> expression PLUS expression .)
    AND             reduce using rule 27 (expression -> expression PLUS expression .)
    OR              reduce using rule 27 (expression -> expression PLUS expression .)
    PLUS            reduce using rule 27 (expression -> expression PLUS expression .)
    MINUS           reduce using rule 27 (expression -> expression PLUS expression .)
    SEMI            reduce using rule 27 (expression -> expression PLUS expression .)
    RPAREN          reduce using rule 27 (expression -> expression PLUS expression .)
    COMMA           reduce using rule 27 (expression -> expression PLUS expression .)
    TIMES           shift and go to state 28
    DIVIDE          shift and go to state 30

  ! TIMES           [ reduce using rule 27 (expression -> expression PLUS expression .) ]
  ! DIVIDE          [ reduce using rule 27 (expression -> expression PLUS expression .) ]
  ! INF             [ shift and go to state 20 ]
  ! INFEG           [ shift and go to state 21 ]
  ! SUPEG           [ shift and go to state 22 ]
  ! SUP             [ shift and go to state 23 ]
  ! EGALEGAL        [ shift and go to state 24 ]
  ! AND             [ shift and go to state 25 ]
  ! OR              [ shift and go to state 26 ]
  ! PLUS            [ shift and go to state 27 ]
  ! MINUS           [ shift and go to state 29 ]


state 49

    (28) expression -> expression TIMES expression .
    (20) expression -> expression . INF expression
    (21) expression -> expression . INFEG expression
    (22) expression -> expression . SUPEG expression
    (23) expression -> expression . SUP expression
    (24) expression -> expression . EGALEGAL expression
    (25) expression -> expression . AND expression
    (26) expression -> expression . OR expression
    (27) expression -> expression . PLUS expression
    (28) expression -> expression . TIMES expression
    (29) expression -> expression . MINUS expression
    (30) expression -> expression . DIVIDE expression

    INF             reduce using rule 28 (expression -> expression TIMES expression .)
    INFEG           reduce using rule 28 (expression -> expression TIMES expression .)
    SUPEG           reduce using rule 28 (expression -> expression TIMES expression .)
    SUP             reduce using rule 28 (expression -> expression TIMES expression .)
    EGALEGAL        reduce using rule 28 (expression -> expression TIMES expression .)
    AND             reduce using rule 28 (expression -> expression TIMES expression .)
    OR              reduce using rule 28 (expression -> expression TIMES expression .)
    PLUS            reduce using rule 28 (expression -> expression TIMES expression .)
    TIMES           reduce using rule 28 (expression -> expression TIMES expression .)
    MINUS           reduce using rule 28 (expression -> expression TIMES expression .)
    DIVIDE          reduce using rule 28 (expression -> expression TIMES expression .)
    SEMI            reduce using rule 28 (expression -> expression TIMES expression .)
    RPAREN          reduce using rule 28 (expression -> expression TIMES expression .)
    COMMA           reduce using rule 28 (expression -> expression TIMES expression .)

  ! INF             [ shift and go to state 20 ]
  ! INFEG           [ shift and go to state 21 ]
  ! SUPEG           [ shift and go to state 22 ]
  ! SUP             [ shift and go to state 23 ]
  ! EGALEGAL        [ shift and go to state 24 ]
  ! AND             [ shift and go to state 25 ]
  ! OR              [ shift and go to state 26 ]
  ! PLUS            [ shift and go to state 27 ]
  ! TIMES           [ shift and go to state 28 ]
  ! MINUS           [ shift and go to state 29 ]
  ! DIVIDE          [ shift and go to state 30 ]


state 50

    (29) expression -> expression MINUS expression .
    (20) expression -> expression . INF expression
    (21) expression -> expression . INFEG expression
    (22) expression -> expression . SUPEG expression
    (23) expression -> expression . SUP expression
    (24) expression -> expression . EGALEGAL expression
    (25) expression -> expression . AND expression
    (26) expression -> expression . OR expression
    (27) expression -> expression . PLUS expression
    (28) expression -> expression . TIMES expression
    (29) expression -> expression . MINUS expression
    (30) expression -> expression . DIVIDE expression

    INF             reduce using rule 29 (expression -> expression MINUS expression .)
    INFEG           reduce using rule 29 (expression -> expression MINUS expression .)
    SUPEG           reduce using rule 29 (expression -> expression MINUS expression .)
    SUP             reduce using rule 29 (expression -> expression MINUS expression .)
    EGALEGAL        reduce using rule 29 (expression -> expression MINUS expression .)
    AND             reduce using rule 29 (expression -> expression MINUS expression .)
    OR              reduce using rule 29 (expression -> expression MINUS expression .)
    PLUS            reduce using rule 29 (expression -> expression MINUS expression .)
    MINUS           reduce using rule 29 (expression -> expression MINUS expression .)
    SEMI            reduce using rule 29 (expression -> expression MINUS expression .)
    RPAREN          reduce using rule 29 (expression -> expression MINUS expression .)
    COMMA           reduce using rule 29 (expression -> expression MINUS expression .)
    TIMES           shift and go to state 28
    DIVIDE          shift and go to state 30

  ! TIMES           [ reduce using rule 29 (expression -> expression MINUS expression .) ]
  ! DIVIDE          [ reduce using rule 29 (expression -> expression MINUS expression .) ]
  ! INF             [ shift and go to state 20 ]
  ! INFEG           [ shift and go to state 21 ]
  ! SUPEG           [ shift and go to state 22 ]
  ! SUP             [ shift and go to state 23 ]
  ! EGALEGAL        [ shift and go to state 24 ]
  ! AND             [ shift and go to state 25 ]
  ! OR              [ shift and go to state 26 ]
  ! PLUS            [ shift and go to state 27 ]
  ! MINUS           [ shift and go to state 29 ]


state 51

    (30) expression -> expression DIVIDE expression .
    (20) expression -> expression . INF expression
    (21) expression -> expression . INFEG expression
    (22) expression -> expression . SUPEG expression
    (23) expression -> expression . SUP expression
    (24) expression -> expression . EGALEGAL expression
    (25) expression -> expression . AND expression
    (26) expression -> expression . OR expression
    (27) expression -> expression . PLUS expression
    (28) expression -> expression . TIMES expression
    (29) expression -> expression . MINUS expression
    (30) expression -> expression . DIVIDE expression

    INF             reduce using rule 30 (expression -> expression DIVIDE expression .)
    INFEG           reduce using rule 30 (expression -> expression DIVIDE expression .)
    SUPEG           reduce using rule 30 (expression -> expression DIVIDE expression .)
    SUP             reduce using rule 30 (expression -> expression DIVIDE expression .)
    EGALEGAL        reduce using rule 30 (expression -> expression DIVIDE expression .)
    AND             reduce using rule 30 (expression -> expression DIVIDE expression .)
    OR              reduce using rule 30 (expression -> expression DIVIDE expression .)
    PLUS            reduce using rule 30 (expression -> expression DIVIDE expression .)
    TIMES           reduce using rule 30 (expression -> expression DIVIDE expression .)
    MINUS           reduce using rule 30 (expression -> expression DIVIDE expression .)
    DIVIDE          reduce using rule 30 (expression -> expression DIVIDE expression .)
    SEMI            reduce using rule 30 (expression -> expression DIVIDE expression .)
    RPAREN          reduce using rule 30 (expression -> expression DIVIDE expression .)
    COMMA           reduce using rule 30 (expression -> expression DIVIDE expression .)

  ! INF             [ shift and go to state 20 ]
  ! INFEG           [ shift and go to state 21 ]
  ! SUPEG           [ shift and go to state 22 ]
  ! SUP             [ shift and go to state 23 ]
  ! EGALEGAL        [ shift and go to state 24 ]
  ! AND             [ shift and go to state 25 ]
  ! OR              [ shift and go to state 26 ]
  ! PLUS            [ shift and go to state 27 ]
  ! TIMES           [ shift and go to state 28 ]
  ! MINUS           [ shift and go to state 29 ]
  ! DIVIDE          [ shift and go to state 30 ]


state 52

    (13) statement -> WHILE LPAREN expression . RPAREN LACC bloc RACC
    (20) expression -> expression . INF expression
    (21) expression -> expression . INFEG expression
    (22) expression -> expression . SUPEG expression
    (23) expression -> expression . SUP expression
    (24) expression -> expression . EGALEGAL expression
    (25) expression -> expression . AND expression
    (26) expression -> expression . OR expression
    (27) expression -> expression . PLUS expression
    (28) expression -> expression . TIMES expression
    (29) expression -> expression . MINUS expression
    (30) expression -> expression . DIVIDE expression

    RPAREN          shift and go to state 60
    INF             shift and go to state 20
    INFEG           shift and go to state 21
    SUPEG           shift and go to state 22
    SUP             shift and go to state 23
    EGALEGAL        shift and go to state 24
    AND             shift and go to state 25
    OR              shift and go to state 26
    PLUS            shift and go to state 27
    TIMES           shift and go to state 28
    MINUS           shift and go to state 29
    DIVIDE          shift and go to state 30


state 53

    (14) statement -> FOR LPAREN statement . SEMI expression SEMI statement RPAREN LACC bloc RACC

    SEMI            shift and go to state 61


state 54

    (15) statement -> PRINT LPAREN expression . RPAREN
    (20) expression -> expression . INF expression
    (21) expression -> expression . INFEG expression
    (22) expression -> expression . SUPEG expression
    (23) expression -> expression . SUP expression
    (24) expression -> expression . EGALEGAL expression
    (25) expression -> expression . AND expression
    (26) expression -> expression . OR expression
    (27) expression -> expression . PLUS expression
    (28) expression -> expression . TIMES expression
    (29) expression -> expression . MINUS expression
    (30) expression -> expression . DIVIDE expression

    RPAREN          shift and go to state 62
    INF             shift and go to state 20
    INFEG           shift and go to state 21
    SUPEG           shift and go to state 22
    SUP             shift and go to state 23
    EGALEGAL        shift and go to state 24
    AND             shift and go to state 25
    OR              shift and go to state 26
    PLUS            shift and go to state 27
    TIMES           shift and go to state 28
    MINUS           shift and go to state 29
    DIVIDE          shift and go to state 30


state 55

    (16) statement -> NAME EGAL expression .
    (20) expression -> expression . INF expression
    (21) expression -> expression . INFEG expression
    (22) expression -> expression . SUPEG expression
    (23) expression -> expression . SUP expression
    (24) expression -> expression . EGALEGAL expression
    (25) expression -> expression . AND expression
    (26) expression -> expression . OR expression
    (27) expression -> expression . PLUS expression
    (28) expression -> expression . TIMES expression
    (29) expression -> expression . MINUS expression
    (30) expression -> expression . DIVIDE expression

    SEMI            reduce using rule 16 (statement -> NAME EGAL expression .)
    RPAREN          reduce using rule 16 (statement -> NAME EGAL expression .)
    INF             shift and go to state 20
    INFEG           shift and go to state 21
    SUPEG           shift and go to state 22
    SUP             shift and go to state 23
    EGALEGAL        shift and go to state 24
    AND             shift and go to state 25
    OR              shift and go to state 26
    PLUS            shift and go to state 27
    TIMES           shift and go to state 28
    MINUS           shift and go to state 29
    DIVIDE          shift and go to state 30


state 56

    (31) expression -> NAME LPAREN args . RPAREN

    RPAREN          shift and go to state 63


state 57

    (33) args -> expression .
    (34) args -> expression . COMMA args
    (20) expression -> expression . INF expression
    (21) expression -> expression . INFEG expression
    (22) expression -> expression . SUPEG expression
    (23) expression -> expression . SUP expression
    (24) expression -> expression . EGALEGAL expression
    (25) expression -> expression . AND expression
    (26) expression -> expression . OR expression
    (27) expression -> expression . PLUS expression
    (28) expression -> expression . TIMES expression
    (29) expression -> expression . MINUS expression
    (30) expression -> expression . DIVIDE expression

    RPAREN          reduce using rule 33 (args -> expression .)
    COMMA           shift and go to state 64
    INF             shift and go to state 20
    INFEG           shift and go to state 21
    SUPEG           shift and go to state 22
    SUP             shift and go to state 23
    EGALEGAL        shift and go to state 24
    AND             shift and go to state 25
    OR              shift and go to state 26
    PLUS            shift and go to state 27
    TIMES           shift and go to state 28
    MINUS           shift and go to state 29
    DIVIDE          shift and go to state 30


state 58

    (17) statement -> DEF NAME LPAREN . params RPAREN LACC bloc RACC
    (5) params -> .
    (6) params -> . NAME
    (7) params -> . NAME COMMA params

    RPAREN          reduce using rule 5 (params -> .)
    NAME            shift and go to state 65

    params                         shift and go to state 66

state 59

    (12) statement -> IF LPAREN expression RPAREN . LACC bloc RACC elif_list else_opt

    LACC            shift and go to state 67


state 60

    (13) statement -> WHILE LPAREN expression RPAREN . LACC bloc RACC

    LACC            shift and go to state 68


state 61

    (14) statement -> FOR LPAREN statement SEMI . expression SEMI statement RPAREN LACC bloc RACC
    (20) expression -> . expression INF expression
    (21) expression -> . expression INFEG expression
    (22) expression -> . expression SUPEG expression
    (23) expression -> . expression SUP expression
    (24) expression -> . expression EGALEGAL expression
    (25) expression -> . expression AND expression
    (26) expression -> . expression OR expression
    (27) expression -> . expression PLUS expression
    (28) expression -> . expression TIMES expression
    (29) expression -> . expression MINUS expression
    (30) expression -> . expression DIVIDE expression
    (31) expression -> . NAME LPAREN args RPAREN
    (35) expression -> . LPAREN expression RPAREN
    (36) expression -> . NUMBER
    (37) expression -> . STRING
    (38) expression -> . NAME

    NAME            shift and go to state 19
    LPAREN          shift and go to state 5
    NUMBER          shift and go to state 13
    STRING          shift and go to state 14

    expression                     shift and go to state 69

state 62

    (15) statement -> PRINT LPAREN expression RPAREN .

    SEMI            reduce using rule 15 (statement -> PRINT LPAREN expression RPAREN .)
    RPAREN          reduce using rule 15 (statement -> PRINT LPAREN expression RPAREN .)


state 63

    (31) expression -> NAME LPAREN args RPAREN .

    INF             reduce using rule 31 (expression -> NAME LPAREN args RPAREN .)
    INFEG           reduce using rule 31 (expression -> NAME LPAREN args RPAREN .)
    SUPEG           reduce using rule 31 (expression -> NAME LPAREN args RPAREN .)
    SUP             reduce using rule 31 (expression -> NAME LPAREN args RPAREN .)
    EGALEGAL        reduce using rule 31 (expression -> NAME LPAREN args RPAREN .)
    AND             reduce using rule 31 (expression -> NAME LPAREN args RPAREN .)
    OR              reduce using rule 31 (expression -> NAME LPAREN args RPAREN .)
    PLUS            reduce using rule 31 (expression -> NAME LPAREN args RPAREN .)
    TIMES           reduce using rule 31 (expression -> NAME LPAREN args RPAREN .)
    MINUS           reduce using rule 31 (expression -> NAME LPAREN args RPAREN .)
    DIVIDE          reduce using rule 31 (expression -> NAME LPAREN args RPAREN .)
    SEMI            reduce using rule 31 (expression -> NAME LPAREN args RPAREN .)
    RPAREN          reduce using rule 31 (expression -> NAME LPAREN args RPAREN .)
    COMMA           reduce using rule 31 (expression -> NAME LPAREN args RPAREN .)


state 64

    (34) args -> expression COMMA . args
    (32) args -> .
    (33) args -> . expression
    (34) args -> . expression COMMA args
    (20) expression -> . expression INF expression
    (21) expression -> . expression INFEG expression
    (22) expression -> . expression SUPEG expression
    (23) expression -> . expression SUP expression
    (24) expression -> . expression EGALEGAL expression
    (25) expression -> . expression AND expression
    (26) expression -> . expression OR expression
    (27) expression -> . expression PLUS expression
    (28) expression -> . expression TIMES expression
    (29) expression -> . expression MINUS expression
    (30) expression -> . expression DIVIDE expression
    (31) expression -> . NAME LPAREN args RPAREN
    (35) expression -> . LPAREN expression RPAREN
    (36) expression -> . NUMBER
    (37) expression -> . STRING
    (38) expression -> . NAME

    RPAREN          reduce using rule 32 (args -> .)
    NAME            shift and go to state 19
    LPAREN          shift and go to state 5
    NUMBER          shift and go to state 13
    STRING          shift and go to state 14

    expression                     shift and go to state 57
    args                           shift and go to state 70

state 65

    (6) params -> NAME .
    (7) params -> NAME . COMMA params

    RPAREN          reduce using rule 6 (params -> NAME .)
    COMMA           shift and go to state 71


state 66

    (17) statement -> DEF NAME LPAREN params . RPAREN LACC bloc RACC

    RPAREN          shift and go to state 72


state 67

    (12) statement -> IF LPAREN expression RPAREN LACC . bloc RACC elif_list else_opt
    (3) bloc -> . bloc statement SEMI
    (4) bloc -> . statement SEMI
    (12) statement -> . IF LPAREN expression RPAREN LACC bloc RACC elif_list else_opt
    (13) statement -> . WHILE LPAREN expression RPAREN LACC bloc RACC
    (14) statement -> . FOR LPAREN statement SEMI expression SEMI statement RPAREN LACC bloc RACC
    (15) statement -> . PRINT LPAREN expression RPAREN
    (16) statement -> . NAME EGAL expression
    (17) statement -> . DEF NAME LPAREN params RPAREN LACC bloc RACC
    (18) statement -> . RETURN expression
    (19) statement -> . expression
    (20) expression -> . expression INF expression
    (21) expression -> . expression INFEG expression
    (22) expression -> . expression SUPEG expression
    (23) expression -> . expression SUP expression
    (24) expression -> . expression EGALEGAL expression
    (25) expression -> . expression AND expression
    (26) expression -> . expression OR expression
    (27) expression -> . expression PLUS expression
    (28) expression -> . expression TIMES expression
    (29) expression -> . expression MINUS expression
    (30) expression -> . expression DIVIDE expression
    (31) expression -> . NAME LPAREN args RPAREN
    (35) expression -> . LPAREN expression RPAREN
    (36) expression -> . NUMBER
    (37) expression -> . STRING
    (38) expression -> . NAME

    IF              shift and go to state 4
    WHILE           shift and go to state 7
    FOR             shift and go to state 8
    PRINT           shift and go to state 9
    NAME            shift and go to state 10
    DEF             shift and go to state 11
    RETURN          shift and go to state 12
    LPAREN          shift and go to state 5
    NUMBER          shift and go to state 13
    STRING          shift and go to state 14

    expression                     shift and go to state 6
    bloc                           shift and go to state 73
    statement                      shift and go to state 3

state 68

    (13) statement -> WHILE LPAREN expression RPAREN LACC . bloc RACC
    (3) bloc -> . bloc statement SEMI
    (4) bloc -> . statement SEMI
    (12) statement -> . IF LPAREN expression RPAREN LACC bloc RACC elif_list else_opt
    (13) statement -> . WHILE LPAREN expression RPAREN LACC bloc RACC
    (14) statement -> . FOR LPAREN statement SEMI expression SEMI statement RPAREN LACC bloc RACC
    (15) statement -> . PRINT LPAREN expression RPAREN
    (16) statement -> . NAME EGAL expression
    (17) statement -> . DEF NAME LPAREN params RPAREN LACC bloc RACC
    (18) statement -> . RETURN expression
    (19) statement -> . expression
    (20) expression -> . expression INF expression
    (21) expression -> . expression INFEG expression
    (22) expression -> . expression SUPEG expression
    (23) expression -> . expression SUP expression
    (24) expression -> . expression EGALEGAL expression
    (25) expression -> . expression AND expression
    (26) expression -> . expression OR expression
    (27) expression -> . expression PLUS expression
    (28) expression -> . expression TIMES expression
    (29) expression -> . expression MINUS expression
    (30) expression -> . expression DIVIDE expression
    (31) expression -> . NAME LPAREN args RPAREN
    (35) expression -> . LPAREN expression RPAREN
    (36) expression -> . NUMBER
    (37) expression -> . STRING
    (38) expression -> . NAME

    IF              shift and go to state 4
    WHILE           shift and go to state 7
    FOR             shift and go to state 8
    PRINT           shift and go to state 9
    NAME            shift and go to state 10
    DEF             shift and go to state 11
    RETURN          shift and go to state 12
    LPAREN          shift and go to state 5
    NUMBER          shift and go to state 13
    STRING          shift and go to state 14

    expression                     shift and go to state 6
    bloc                           shift and go to state 74
    statement                      shift and go to state 3

state 69

    (14) statement -> FOR LPAREN statement SEMI expression . SEMI statement RPAREN LACC bloc RACC
    (20) expression -> expression . INF expression
    (21) expression -> expression . INFEG expression
    (22) expression -> expression . SUPEG expression
    (23) expression -> expression . SUP expression
    (24) expression -> expression . EGALEGAL expression
    (25) expression -> expression . AND expression
    (26) expression -> expression . OR expression
    (27) expression -> expression . PLUS expression
    (28) expression -> expression . TIMES expression
    (29) expression -> expression . MINUS expression
    (30) expression -> expression . DIVIDE expression

    SEMI            shift and go to state 75
    INF             shift and go to state 20
    INFEG           shift and go to state 21
    SUPEG           shift and go to state 22
    SUP             shift and go to state 23
    EGALEGAL        shift and go to state 24
    AND             shift and go to state 25
    OR              shift and go to state 26
    PLUS            shift and go to state 27
    TIMES           shift and go to state 28
    MINUS           shift and go to state 29
    DIVIDE          shift and go to state 30


state 70

    (34) args -> expression COMMA args .

    RPAREN          reduce using rule 34 (args -> expression COMMA args .)


state 71

    (7) params -> NAME COMMA . params
    (5) params -> .
    (6) params -> . NAME
    (7) params -> . NAME COMMA params

    RPAREN          reduce using rule 5 (params -> .)
    NAME            shift and go to state 65

    params                         shift and go to state 76

state 72

    (17) statement -> DEF NAME LPAREN params RPAREN . LACC bloc RACC

    LACC            shift and go to state 77


state 73

    (12) statement -> IF LPAREN expression RPAREN LACC bloc . RACC elif_list else_opt
    (3) bloc -> bloc . statement SEMI
    (12) statement -> . IF LPAREN expression RPAREN LACC bloc RACC elif_list else_opt
    (13) statement -> . WHILE LPAREN expression RPAREN LACC bloc RACC
    (14) statement -> . FOR LPAREN statement SEMI expression SEMI statement RPAREN LACC bloc RACC
    (15) statement -> . PRINT LPAREN expression RPAREN
    (16) statement -> . NAME EGAL expression
    (17) statement -> . DEF NAME LPAREN params RPAREN LACC bloc RACC
    (18) statement -> . RETURN expression
    (19) statement -> . expression
    (20) expression -> . expression INF expression
    (21) expression -> . expression INFEG expression
    (22) expression -> . expression SUPEG expression
    (23) expression -> . expression SUP expression
    (24) expression -> . expression EGALEGAL expression
    (25) expression -> . expression AND expression
    (26) expression -> . expression OR expression
    (27) expression -> . expression PLUS expression
    (28) expression -> . expression TIMES expression
    (29) expression -> . expression MINUS expression
    (30) expression -> . expression DIVIDE expression
    (31) expression -> . NAME LPAREN args RPAREN
    (35) expression -> . LPAREN expression RPAREN
    (36) expression -> . NUMBER
    (37) expression -> . STRING
    (38) expression -> . NAME

    RACC            shift and go to state 78
    IF              shift and go to state 4
    WHILE           shift and go to state 7
    FOR             shift and go to state 8
    PRINT           shift and go to state 9
    NAME            shift and go to state 10
    DEF             shift and go to state 11
    RETURN          shift and go to state 12
    LPAREN          shift and go to state 5
    NUMBER          shift and go to state 13
    STRING          shift and go to state 14

    expression                     shift and go to state 6
    statement                      shift and go to state 15

state 74

    (13) statement -> WHILE LPAREN expression RPAREN LACC bloc . RACC
    (3) bloc -> bloc . statement SEMI
    (12) statement -> . IF LPAREN expression RPAREN LACC bloc RACC elif_list else_opt
    (13) statement -> . WHILE LPAREN expression RPAREN LACC bloc RACC
    (14) statement -> . FOR LPAREN statement SEMI expression SEMI statement RPAREN LACC bloc RACC
    (15) statement -> . PRINT LPAREN expression RPAREN
    (16) statement -> . NAME EGAL expression
    (17) statement -> . DEF NAME LPAREN params RPAREN LACC bloc RACC
    (18) statement -> . RETURN expression
    (19) statement -> . expression
    (20) expression -> . expression INF expression
    (21) expression -> . expression INFEG expression
    (22) expression -> . expression SUPEG expression
    (23) expression -> . expression SUP expression
    (24) expression -> . expression EGALEGAL expression
    (25) expression -> . expression AND expression
    (26) expression -> . expression OR expression
    (27) expression -> . expression PLUS expression
    (28) expression -> . expression TIMES expression
    (29) expression -> . expression MINUS expression
    (30) expression -> . expression DIVIDE expression
    (31) expression -> . NAME LPAREN args RPAREN
    (35) expression -> . LPAREN expression RPAREN
    (36) expression -> . NUMBER
    (37) expression -> . STRING
    (38) expression -> . NAME

    RACC            shift and go to state 79
    IF              shift and go to state 4
    WHILE           shift and go to state 7
    FOR             shift and go to state 8
    PRINT           shift and go to state 9
    NAME            shift and go to state 10
    DEF             shift and go to state 11
    RETURN          shift and go to state 12
    LPAREN          shift and go to state 5
    NUMBER          shift and go to state 13
    STRING          shift and go to state 14

    expression                     shift and go to state 6
    statement                      shift and go to state 15

state 75

    (14) statement -> FOR LPAREN statement SEMI expression SEMI . statement RPAREN LACC bloc RACC
    (12) statement -> . IF LPAREN expression RPAREN LACC bloc RACC elif_list else_opt
    (13) statement -> . WHILE LPAREN expression RPAREN LACC bloc RACC
    (14) statement -> . FOR LPAREN statement SEMI expression SEMI statement RPAREN LACC bloc RACC
    (15) statement -> . PRINT LPAREN expression RPAREN
    (16) statement -> . NAME EGAL expression
    (17) statement -> . DEF NAME LPAREN params RPAREN LACC bloc RACC
    (18) statement -> . RETURN expression
    (19) statement -> . expression
    (20) expression -> . expression INF expression
    (21) expression -> . expression INFEG expression
    (22) expression -> . expression SUPEG expression
    (23) expression -> . expression SUP expression
    (24) expression -> . expression EGALEGAL expression
    (25) expression -> . expression AND expression
    (26) expression -> . expression OR expression
    (27) expression -> . expression PLUS expression
    (28) expression -> . expression TIMES expression
    (29) expression -> . expression MINUS expression
    (30) expression -> . expression DIVIDE expression
    (31) expression -> . NAME LPAREN args RPAREN
    (35) expression -> . LPAREN expression RPAREN
    (36) expression -> . NUMBER
    (37) expression -> . STRING
    (38) expression -> . NAME

    IF              shift and go to state 4
    WHILE           shift and go to state 7
    FOR             shift and go to state 8
    PRINT           shift and go to state 9
    NAME            shift and go to state 10
    DEF             shift and go to state 11
    RETURN          shift and go to state 12
    LPAREN          shift and go to state 5
    NUMBER          shift and go to state 13
    STRING          shift and go to state 14

    statement                      shift and go to state 80
    expression                     shift and go to state 6

state 76

    (7) params -> NAME COMMA params .

    RPAREN          reduce using rule 7 (params -> NAME COMMA params .)


state 77

    (17) statement -> DEF NAME LPAREN params RPAREN LACC . bloc RACC
    (3) bloc -> . bloc statement SEMI
    (4) bloc -> . statement SEMI
    (12) statement -> . IF LPAREN expression RPAREN LACC bloc RACC elif_list else_opt
    (13) statement -> . WHILE LPAREN expression RPAREN LACC bloc RACC
    (14) statement -> . FOR LPAREN statement SEMI expression SEMI statement RPAREN LACC bloc RACC
    (15) statement -> . PRINT LPAREN expression RPAREN
    (16) statement -> . NAME EGAL expression
    (17) statement -> . DEF NAME LPAREN params RPAREN LACC bloc RACC
    (18) statement -> . RETURN expression
    (19) statement -> . expression
    (20) expression -> . expression INF expression
    (21) expression -> . expression INFEG expression
    (22) expression -> . expression SUPEG expression
    (23) expression -> . expression SUP expression
    (24) expression -> . expression EGALEGAL expression
    (25) expression -> . expression AND expression
    (26) expression -> . expression OR expression
    (27) expression -> . expression PLUS expression
    (28) expression -> . expression TIMES expression
    (29) expression -> . expression MINUS expression
    (30) expression -> . expression DIVIDE expression
    (31) expression -> . NAME LPAREN args RPAREN
    (35) expression -> . LPAREN expression RPAREN
    (36) expression -> . NUMBER
    (37) expression -> . STRING
    (38) expression -> . NAME

    IF              shift and go to state 4
    WHILE           shift and go to state 7
    FOR             shift and go to state 8
    PRINT           shift and go to state 9
    NAME            shift and go to state 10
    DEF             shift and go to state 11
    RETURN          shift and go to state 12
    LPAREN          shift and go to state 5
    NUMBER          shift and go to state 13
    STRING          shift and go to state 14

    bloc                           shift and go to state 81
    statement                      shift and go to state 3
    expression                     shift and go to state 6

state 78

    (12) statement -> IF LPAREN expression RPAREN LACC bloc RACC . elif_list else_opt
    (8) elif_list -> . empty
    (9) elif_list -> . ELIF LPAREN expression RPAREN LACC bloc RACC elif_list
    (2) empty -> .

    ELIF            shift and go to state 84
    ELSE            reduce using rule 2 (empty -> .)
    SEMI            reduce using rule 2 (empty -> .)
    RPAREN          reduce using rule 2 (empty -> .)

    elif_list                      shift and go to state 82
    empty                          shift and go to state 83

state 79

    (13) statement -> WHILE LPAREN expression RPAREN LACC bloc RACC .

    SEMI            reduce using rule 13 (statement -> WHILE LPAREN expression RPAREN LACC bloc RACC .)
    RPAREN          reduce using rule 13 (statement -> WHILE LPAREN expression RPAREN LACC bloc RACC .)


state 80

    (14) statement -> FOR LPAREN statement SEMI expression SEMI statement . RPAREN LACC bloc RACC

    RPAREN          shift and go to state 85


state 81

    (17) statement -> DEF NAME LPAREN params RPAREN LACC bloc . RACC
    (3) bloc -> bloc . statement SEMI
    (12) statement -> . IF LPAREN expression RPAREN LACC bloc RACC elif_list else_opt
    (13) statement -> . WHILE LPAREN expression RPAREN LACC bloc RACC
    (14) statement -> . FOR LPAREN statement SEMI expression SEMI statement RPAREN LACC bloc RACC
    (15) statement -> . PRINT LPAREN expression RPAREN
    (16) statement -> . NAME EGAL expression
    (17) statement -> . DEF NAME LPAREN params RPAREN LACC bloc RACC
    (18) statement -> . RETURN expression
    (19) statement -> . expression
    (20) expression -> . expression INF expression
    (21) expression -> . expression INFEG expression
    (22) expression -> . expression SUPEG expression
    (23) expression -> . expression SUP expression
    (24) expression -> . expression EGALEGAL expression
    (25) expression -> . expression AND expression
    (26) expression -> . expression OR expression
    (27) expression -> . expression PLUS expression
    (28) expression -> . expression TIMES expression
    (29) expression -> . expression MINUS expression
    (30) expression -> . expression DIVIDE expression
    (31) expression -> . NAME LPAREN args RPAREN
    (35) expression -> . LPAREN expression RPAREN
    (36) expression -> . NUMBER
    (37) expression -> . STRING
    (38) expression -> . NAME

    RACC            shift and go to state 86
    IF              shift and go to state 4
    WHILE           shift and go to state 7
    FOR             shift and go to state 8
    PRINT           shift and go to state 9
    NAME            shift and go to state 10
    DEF             shift and go to state 11
    RETURN          shift and go to state 12
    LPAREN          shift and go to state 5
    NUMBER          shift and go to state 13
    STRING          shift and go to state 14

    statement                      shift and go to state 15
    expression                     shift and go to state 6

state 82

    (12) statement -> IF LPAREN expression RPAREN LACC bloc RACC elif_list . else_opt
    (10) else_opt -> . empty
    (11) else_opt -> . ELSE LACC bloc RACC
    (2) empty -> .

    ELSE            shift and go to state 89
    SEMI            reduce using rule 2 (empty -> .)
    RPAREN          reduce using rule 2 (empty -> .)

    else_opt                       shift and go to state 87
    empty                          shift and go to state 88

state 83

    (8) elif_list -> empty .

    ELSE            reduce using rule 8 (elif_list -> empty .)
    SEMI            reduce using rule 8 (elif_list -> empty .)
    RPAREN          reduce using rule 8 (elif_list -> empty .)


state 84

    (9) elif_list -> ELIF . LPAREN expression RPAREN LACC bloc RACC elif_list

    LPAREN          shift and go to state 90


state 85

    (14) statement -> FOR LPAREN statement SEMI expression SEMI statement RPAREN . LACC bloc RACC

    LACC            shift and go to state 91


state 86

    (17) statement -> DEF NAME LPAREN params RPAREN LACC bloc RACC .

    SEMI            reduce using rule 17 (statement -> DEF NAME LPAREN params RPAREN LACC bloc RACC .)
    RPAREN          reduce using rule 17 (statement -> DEF NAME LPAREN params RPAREN LACC bloc RACC .)


state 87

    (12) statement -> IF LPAREN expression RPAREN LACC bloc RACC elif_list else_opt .

    SEMI            reduce using rule 12 (statement -> IF LPAREN expression RPAREN LACC bloc RACC elif_list else_opt .)
    RPAREN          reduce using rule 12 (statement -> IF LPAREN expression RPAREN LACC bloc RACC elif_list else_opt .)


state 88

    (10) else_opt -> empty .

    SEMI            reduce using rule 10 (else_opt -> empty .)
    RPAREN          reduce using rule 10 (else_opt -> empty .)


state 89

    (11) else_opt -> ELSE . LACC bloc RACC

    LACC            shift and go to state 92


state 90

    (9) elif_list -> ELIF LPAREN . expression RPAREN LACC bloc RACC elif_list
    (20) expression -> . expression INF expression
    (21) expression -> . expression INFEG expression
    (22) expression -> . expression SUPEG expression
    (23) expression -> . expression SUP expression
    (24) expression -> . expression EGALEGAL expression
    (25) expression -> . expression AND expression
    (26) expression -> . expression OR expression
    (27) expression -> . expression PLUS expression
    (28) expression -> . expression TIMES expression
    (29) expression -> . expression MINUS expression
    (30) expression -> . expression DIVIDE expression
    (31) expression -> . NAME LPAREN args RPAREN
    (35) expression -> . LPAREN expression RPAREN
    (36) expression -> . NUMBER
    (37) expression -> . STRING
    (38) expression -> . NAME

    NAME            shift and go to state 19
    LPAREN          shift and go to state 5
    NUMBER          shift and go to state 13
    STRING          shift and go to state 14

    expression                     shift and go to state 93

state 91

    (14) statement -> FOR LPAREN statement SEMI expression SEMI statement RPAREN LACC . bloc RACC
    (3) bloc -> . bloc statement SEMI
    (4) bloc -> . statement SEMI
    (12) statement -> . IF LPAREN expression RPAREN LACC bloc RACC elif_list else_opt
    (13) statement -> . WHILE LPAREN expression RPAREN LACC bloc RACC
    (14) statement -> . FOR LPAREN statement SEMI expression SEMI statement RPAREN LACC bloc RACC
    (15) statement -> . PRINT LPAREN expression RPAREN
    (16) statement -> . NAME EGAL expression
    (17) statement -> . DEF NAME LPAREN params RPAREN LACC bloc RACC
    (18) statement -> . RETURN expression
    (19) statement -> . expression
    (20) expression -> . expression INF expression
    (21) expression -> . expression INFEG expression
    (22) expression -> . expression SUPEG expression
    (23) expression -> . expression SUP expression
    (24) expression -> . expression EGALEGAL expression
    (25) expression -> . expression AND expression
    (26) expression -> . expression OR expression
    (27) expression -> . expression PLUS expression
    (28) expression -> . expression TIMES expression
    (29) expression -> . expression MINUS expression
    (30) expression -> . expression DIVIDE expression
    (31) expression -> . NAME LPAREN args RPAREN
    (35) expression -> . LPAREN expression RPAREN
    (36) expression -> . NUMBER
    (37) expression -> . STRING
    (38) expression -> . NAME

    IF              shift and go to state 4
    WHILE           shift and go to state 7
    FOR             shift and go to state 8
    PRINT           shift and go to state 9
    NAME            shift and go to state 10
    DEF             shift and go to state 11
    RETURN          shift and go to state 12
    LPAREN          shift and go to state 5
    NUMBER          shift and go to state 13
    STRING          shift and go to state 14

    statement                      shift and go to state 3
    expression                     shift and go to state 6
    bloc                           shift and go to state 94

state 92

    (11) else_opt -> ELSE LACC . bloc RACC
    (3) bloc -> . bloc statement SEMI
    (4) bloc -> . statement SEMI
    (12) statement -> . IF LPAREN expression RPAREN LACC bloc RACC elif_list else_opt
    (13) statement -> . WHILE LPAREN expression RPAREN LACC bloc RACC
    (14) statement -> . FOR LPAREN statement SEMI expression SEMI statement RPAREN LACC bloc RACC
    (15) statement -> . PRINT LPAREN expression RPAREN
    (16) statement -> . NAME EGAL expression
    (17) statement -> . DEF NAME LPAREN params RPAREN LACC bloc RACC
    (18) statement -> . RETURN expression
    (19) statement -> . expression
    (20) expression -> . expression INF expression
    (21) expression -> . expression INFEG expression
    (22) expression -> . expression SUPEG expression
    (23) expression -> . expression SUP expression
    (24) expression -> . expression EGALEGAL expression
    (25) expression -> . expression AND expression
    (26) expression -> . expression OR expression
    (27) expression -> . expression PLUS expression
    (28) expression -> . expression TIMES expression
    (29) expression -> . expression MINUS expression
    (30) expression -> . expression DIVIDE expression
    (31) expression -> . NAME LPAREN args RPAREN
    (35) expression -> . LPAREN expression RPAREN
    (36) expression -> . NUMBER
    (37) expression -> . STRING
    (38) expression -> . NAME

    IF              shift and go to state 4
    WHILE           shift and go to state 7
    FOR             shift and go to state 8
    PRINT           shift and go to state 9
    NAME            shift and go to state 10
    DEF             shift and go to state 11
    RETURN          shift and go to state 12
    LPAREN          shift and go to state 5
    NUMBER          shift and go to state 13
    STRING          shift and go to state 14

    bloc                           shift and go to state 95
    statement                      shift and go to state 3
    expression                     shift and go to state 6

state 93

    (9) elif_list -> ELIF LPAREN expression . RPAREN LACC bloc RACC elif_list
    (20) expression -> expression . INF expression
    (21) expression -> expression . INFEG expression
    (22) expression -> expression . SUPEG expression
    (23) expression -> expression . SUP expression
    (24) expression -> expression . EGALEGAL expression
    (25) expression -> expression . AND expression
    (26) expression -> expression . OR expression
    (27) expression -> expression . PLUS expression
    (28) expression -> expression . TIMES expression
    (29) expression -> expression . MINUS expression
    (30) expression -> expression . DIVIDE expression

    RPAREN          shift and go to state 96
    INF             shift and go to state 20
    INFEG           shift and go to state 21
    SUPEG           shift and go to state 22
    SUP             shift and go to state 23
    EGALEGAL        shift and go to state 24
    AND             shift and go to state 25
    OR              shift and go to state 26
    PLUS            shift and go to state 27
    TIMES           shift and go to state 28
    MINUS           shift and go to state 29
    DIVIDE          shift and go to state 30


state 94

    (14) statement -> FOR LPAREN statement SEMI expression SEMI statement RPAREN LACC bloc . RACC
    (3) bloc -> bloc . statement SEMI
    (12) statement -> . IF LPAREN expression RPAREN LACC bloc RACC elif_list else_opt
    (13) statement -> . WHILE LPAREN expression RPAREN LACC bloc RACC
    (14) statement -> . FOR LPAREN statement SEMI expression SEMI statement RPAREN LACC bloc RACC
    (15) statement -> . PRINT LPAREN expression RPAREN
    (16) statement -> . NAME EGAL expression
    (17) statement -> . DEF NAME LPAREN params RPAREN LACC bloc RACC
    (18) statement -> . RETURN expression
    (19) statement -> . expression
    (20) expression -> . expression INF expression
    (21) expression -> . expression INFEG expression
    (22) expression -> . expression SUPEG expression
    (23) expression -> . expression SUP expression
    (24) expression -> . expression EGALEGAL expression
    (25) expression -> . expression AND expression
    (26) expression -> . expression OR expression
    (27) expression -> . expression PLUS expression
    (28) expression -> . expression TIMES expression
    (29) expression -> . expression MINUS expression
    (30) expression -> . expression DIVIDE expression
    (31) expression -> . NAME LPAREN args RPAREN
    (35) expression -> . LPAREN expression RPAREN
    (36) expression -> . NUMBER
    (37) expression -> . STRING
    (38) expression -> . NAME

    RACC            shift and go to state 97
    IF              shift and go to state 4
    WHILE           shift and go to state 7
    FOR             shift and go to state 8
    PRINT           shift and go to state 9
    NAME            shift and go to state 10
    DEF             shift and go to state 11
    RETURN          shift and go to state 12
    LPAREN          shift and go to state 5
    NUMBER          shift and go to state 13
    STRING          shift and go to state 14

    statement                      shift and go to state 15
    expression                     shift and go to state 6

state 95

    (11) else_opt -> ELSE LACC bloc . RACC
    (3) bloc -> bloc . statement SEMI
    (12) statement -> . IF LPAREN expression RPAREN LACC bloc RACC elif_list else_opt
    (13) statement -> . WHILE LPAREN expression RPAREN LACC bloc RACC
    (14) statement -> . FOR LPAREN statement SEMI expression SEMI statement RPAREN LACC bloc RACC
    (15) statement -> . PRINT LPAREN expression RPAREN
    (16) statement -> . NAME EGAL expression
    (17) statement -> . DEF NAME LPAREN params RPAREN LACC bloc RACC
    (18) statement -> . RETURN expression
    (19) statement -> . expression
    (20) expression -> . expression INF expression
    (21) expression -> . expression INFEG expression
    (22) expression -> . expression SUPEG expression
    (23) expression -> . expression SUP expression
    (24) expression -> . expression EGALEGAL expression
    (25) expression -> . expression AND expression
    (26) expression -> . expression OR expression
    (27) expression -> . expression PLUS expression
    (28) expression -> . expression TIMES expression
    (29) expression -> . expression MINUS expression
    (30) expression -> . expression DIVIDE expression
    (31) expression -> . NAME LPAREN args RPAREN
    (35) expression -> . LPAREN expression RPAREN
    (36) expression -> . NUMBER
    (37) expression -> . STRING
    (38) expression -> . NAME

    RACC            shift and go to state 98
    IF              shift and go to state 4
    WHILE           shift and go to state 7
    FOR             shift and go to state 8
    PRINT           shift and go to state 9
    NAME            shift and go to state 10
    DEF             shift and go to state 11
    RETURN          shift and go to state 12
    LPAREN          shift and go to state 5
    NUMBER          shift and go to state 13
    STRING          shift and go to state 14

    statement                      shift and go to state 15
    expression                     shift and go to state 6

state 96

    (9) elif_list -> ELIF LPAREN expression RPAREN . LACC bloc RACC elif_list

    LACC            shift and go to state 99


state 97

    (14) statement -> FOR LPAREN statement SEMI expression SEMI statement RPAREN LACC bloc RACC .

    SEMI            reduce using rule 14 (statement -> FOR LPAREN statement SEMI expression SEMI statement RPAREN LACC bloc RACC .)
    RPAREN          reduce using rule 14 (statement -> FOR LPAREN statement SEMI expression SEMI statement RPAREN LACC bloc RACC .)


state 98

    (11) else_opt -> ELSE LACC bloc RACC .

    SEMI            reduce using rule 11 (else_opt -> ELSE LACC bloc RACC .)
    RPAREN          reduce using rule 11 (else_opt -> ELSE LACC bloc RACC .)


state 99

    (9) elif_list -> ELIF LPAREN expression RPAREN LACC . bloc RACC elif_list
    (3) bloc -> . bloc statement SEMI
    (4) bloc -> . statement SEMI
    (12) statement -> . IF LPAREN expression RPAREN LACC bloc RACC elif_list else_opt
    (13) statement -> . WHILE LPAREN expression RPAREN LACC bloc RACC
    (14) statement -> . FOR LPAREN statement SEMI expression SEMI statement RPAREN LACC bloc RACC
    (15) statement -> . PRINT LPAREN expression RPAREN
    (16) statement -> . NAME EGAL expression
    (17) statement -> . DEF NAME LPAREN params RPAREN LACC bloc RACC
    (18) statement -> . RETURN expression
    (19) statement -> . expression
    (20) expression -> . expression INF expression
    (21) expression -> . expression INFEG expression
    (22) expression -> . expression SUPEG expression
    (23) expression -> . expression SUP expression
    (24) expression -> . expression EGALEGAL expression
    (25) expression -> . expression AND expression
    (26) expression -> . expression OR expression
    (27) expression -> . expression PLUS expression
    (28) expression -> . expression TIMES expression
    (29) expression -> . expression MINUS expression
    (30) expression -> . expression DIVIDE expression
    (31) expression -> . NAME LPAREN args RPAREN
    (35) expression -> . LPAREN expression RPAREN
    (36) expression -> . NUMBER
    (37) expression -> . STRING
    (38) expression -> . NAME

    IF              shift and go to state 4
    WHILE           shift and go to state 7
    FOR             shift and go to state 8
    PRINT           shift and go to state 9
    NAME            shift and go to state 10
    DEF             shift and go to state 11
    RETURN          shift and go to state 12
    LPAREN          shift and go to state 5
    NUMBER          shift and go to state 13
    STRING          shift and go to state 14

    expression                     shift and go to state 6
    bloc                           shift and go to state 100
    statement                      shift and go to state 3

state 100

    (9) elif_list -> ELIF LPAREN expression RPAREN LACC bloc . RACC elif_list
    (3) bloc -> bloc . statement SEMI
    (12) statement -> . IF LPAREN expression RPAREN LACC bloc RACC elif_list else_opt
    (13) statement -> . WHILE LPAREN expression RPAREN LACC bloc RACC
    (14) statement -> . FOR LPAREN statement SEMI expression SEMI statement RPAREN LACC bloc RACC
    (15) statement -> . PRINT LPAREN expression RPAREN
    (16) statement -> . NAME EGAL expression
    (17) statement -> . DEF NAME LPAREN params RPAREN LACC bloc RACC
    (18) statement -> . RETURN expression
    (19) statement -> . expression
    (20) expression -> . expression INF expression
    (21) expression -> . expression INFEG expression
    (22) expression -> . expression SUPEG expression
    (23) expression -> . expression SUP expression
    (24) expression -> . expression EGALEGAL expression
    (25) expression -> . expression AND expression
    (26) expression -> . expression OR expression
    (27) expression -> . expression PLUS expression
    (28) expression -> . expression TIMES expression
    (29) expression -> . expression MINUS expression
    (30) expression -> . expression DIVIDE expression
    (31) expression -> . NAME LPAREN args RPAREN
    (35) expression -> . LPAREN expression RPAREN
    (36) expression -> . NUMBER
    (37) expression -> . STRING
    (38) expression -> . NAME

    RACC            shift and go to state 101
    IF              shift and go to state 4
    WHILE           shift and go to state 7
    FOR             shift and go to state 8
    PRINT           shift and go to state 9
    NAME            shift and go to state 10
    DEF             shift and go to state 11
    RETURN          shift and go to state 12
    LPAREN          shift and go to state 5
    NUMBER          shift and go to state 13
    STRING          shift and go to state 14

    expression                     shift and go to state 6
    statement                      shift and go to state 15

state 101

    (9) elif_list -> ELIF LPAREN expression RPAREN LACC bloc RACC . elif_list
    (8) elif_list -> . empty
    (9) elif_list -> . ELIF LPAREN expression RPAREN LACC bloc RACC elif_list
    (2) empty -> .

    ELIF            shift and go to state 84
    ELSE            reduce using rule 2 (empty -> .)
    SEMI            reduce using rule 2 (empty -> .)
    RPAREN          reduce using rule 2 (empty -> .)

    elif_list                      shift and go to state 102
    empty                          shift and go to state 83

state 102

    (9) elif_list -> ELIF LPAREN expression RPAREN LACC bloc RACC elif_list .

    ELSE            reduce using rule 9 (elif_list -> ELIF LPAREN expression RPAREN LACC bloc RACC elif_list .)
    SEMI            reduce using rule 9 (elif_list -> ELIF LPAREN expression RPAREN LACC bloc RACC elif_list .)
    RPAREN          reduce using rule 9 (elif_list -> ELIF LPAREN expression RPAREN LACC bloc RACC elif_list .)

WARNING: 
WARNING: Conflicts:
WARNING: 
WARNING: shift/reduce conflict for INF in state 43 resolved as shift
WARNING: shift/reduce conflict for INFEG in state 43 resolved as shift
WARNING: shift/reduce conflict for SUPEG in state 43 resolved as shift
WARNING: shift/reduce conflict for SUP in state 43 resolved as shift
WARNING: shift/reduce conflict for EGALEGAL in state 43 resolved as shift
WARNING: shift/reduce conflict for AND in state 43 resolved as shift
WARNING: shift/reduce conflict for OR in state 43 resolved as shift
WARNING: shift/reduce conflict for PLUS in state 43 resolved as shift
WARNING: shift/reduce conflict for TIMES in state 43 resolved as shift
WARNING: shift/reduce conflict for MINUS in state 43 resolved as shift
WARNING: shift/reduce conflict for DIVIDE in state 43 resolved as shift
